-- MySQL dump 10.13  Distrib 5.7.19, for Linux (x86_64)
--
-- Host: localhost    Database: project_development
-- ------------------------------------------------------
-- Server version	5.7.19-0ubuntu0.16.04.1

/*!40101 SET @OLD_CHARACTER_SET_CLIENT=@@CHARACTER_SET_CLIENT */;
/*!40101 SET @OLD_CHARACTER_SET_RESULTS=@@CHARACTER_SET_RESULTS */;
/*!40101 SET @OLD_COLLATION_CONNECTION=@@COLLATION_CONNECTION */;
/*!40101 SET NAMES utf8 */;
/*!40103 SET @OLD_TIME_ZONE=@@TIME_ZONE */;
/*!40103 SET TIME_ZONE='+00:00' */;
/*!40014 SET @OLD_UNIQUE_CHECKS=@@UNIQUE_CHECKS, UNIQUE_CHECKS=0 */;
/*!40014 SET @OLD_FOREIGN_KEY_CHECKS=@@FOREIGN_KEY_CHECKS, FOREIGN_KEY_CHECKS=0 */;
/*!40101 SET @OLD_SQL_MODE=@@SQL_MODE, SQL_MODE='NO_AUTO_VALUE_ON_ZERO' */;
/*!40111 SET @OLD_SQL_NOTES=@@SQL_NOTES, SQL_NOTES=0 */;

--
-- Table structure for table `ar_internal_metadata`
--

DROP TABLE IF EXISTS `ar_internal_metadata`;
/*!40101 SET @saved_cs_client     = @@character_set_client */;
/*!40101 SET character_set_client = utf8 */;
CREATE TABLE `ar_internal_metadata` (
  `key` varchar(255) NOT NULL,
  `value` varchar(255) DEFAULT NULL,
  `created_at` datetime NOT NULL,
  `updated_at` datetime NOT NULL,
  PRIMARY KEY (`key`)
) ENGINE=InnoDB DEFAULT CHARSET=utf8;
/*!40101 SET character_set_client = @saved_cs_client */;

--
-- Dumping data for table `ar_internal_metadata`
--

LOCK TABLES `ar_internal_metadata` WRITE;
/*!40000 ALTER TABLE `ar_internal_metadata` DISABLE KEYS */;
INSERT INTO `ar_internal_metadata` VALUES ('environment','development','2017-09-06 09:04:54','2017-09-06 09:04:54');
/*!40000 ALTER TABLE `ar_internal_metadata` ENABLE KEYS */;
UNLOCK TABLES;

--
-- Table structure for table `comments`
--

DROP TABLE IF EXISTS `comments`;
/*!40101 SET @saved_cs_client     = @@character_set_client */;
/*!40101 SET character_set_client = utf8 */;
CREATE TABLE `comments` (
  `id` bigint(20) NOT NULL AUTO_INCREMENT,
  `commentable_type` varchar(255) DEFAULT NULL,
  `commentable_id` int(11) DEFAULT NULL,
  `user_id` bigint(20) DEFAULT NULL,
  `body` text,
  `created_at` datetime NOT NULL,
  `updated_at` datetime NOT NULL,
  PRIMARY KEY (`id`),
  KEY `index_comments_on_user_id` (`user_id`),
  CONSTRAINT `fk_rails_03de2dc08c` FOREIGN KEY (`user_id`) REFERENCES `users` (`id`)
) ENGINE=InnoDB AUTO_INCREMENT=12 DEFAULT CHARSET=utf8;
/*!40101 SET character_set_client = @saved_cs_client */;

--
-- Dumping data for table `comments`
--

LOCK TABLES `comments` WRITE;
/*!40000 ALTER TABLE `comments` DISABLE KEYS */;
INSERT INTO `comments` VALUES (1,'Post',1,1,'dbjcfshdvfs','2017-09-06 11:00:59','2017-09-06 11:00:59'),(2,'Post',1,1,'testing 123','2017-09-06 11:18:36','2017-09-06 11:18:36'),(3,'Post',6,1,'testing 123','2017-09-06 11:31:52','2017-09-06 11:31:52'),(4,'Post',6,1,'abc','2017-09-06 11:33:53','2017-09-06 11:33:53'),(5,'Post',1,1,'aaa','2017-09-06 13:18:24','2017-09-06 13:18:24'),(6,'Post',1,1,'aaa','2017-09-06 13:23:05','2017-09-06 13:23:05'),(7,'Post',1,1,'abcd','2017-09-06 13:24:02','2017-09-06 13:24:02'),(8,'Post',1,1,'aaa','2017-09-06 13:41:33','2017-09-06 13:41:33'),(9,'Post',1,1,'aaa','2017-09-06 13:47:00','2017-09-06 13:47:00'),(10,'Post',1,1,'aaa','2017-09-06 13:50:29','2017-09-06 13:50:29'),(11,'Post',1,1,'rsghfh','2017-09-06 13:54:55','2017-09-06 13:54:55');
/*!40000 ALTER TABLE `comments` ENABLE KEYS */;
UNLOCK TABLES;

--
-- Table structure for table `contacts`
--

DROP TABLE IF EXISTS `contacts`;
/*!40101 SET @saved_cs_client     = @@character_set_client */;
/*!40101 SET character_set_client = utf8 */;
CREATE TABLE `contacts` (
  `id` bigint(20) NOT NULL AUTO_INCREMENT,
  `name` varchar(255) DEFAULT NULL,
  `phone` varchar(255) DEFAULT NULL,
  `email` varchar(255) DEFAULT NULL,
  `subject` varchar(255) DEFAULT NULL,
  `body` text,
  `created_at` datetime NOT NULL,
  `updated_at` datetime NOT NULL,
  PRIMARY KEY (`id`)
) ENGINE=InnoDB DEFAULT CHARSET=utf8;
/*!40101 SET character_set_client = @saved_cs_client */;

--
-- Dumping data for table `contacts`
--

LOCK TABLES `contacts` WRITE;
/*!40000 ALTER TABLE `contacts` DISABLE KEYS */;
/*!40000 ALTER TABLE `contacts` ENABLE KEYS */;
UNLOCK TABLES;

--
-- Table structure for table `posts`
--

DROP TABLE IF EXISTS `posts`;
/*!40101 SET @saved_cs_client     = @@character_set_client */;
/*!40101 SET character_set_client = utf8 */;
CREATE TABLE `posts` (
  `id` bigint(20) NOT NULL AUTO_INCREMENT,
  `user_id` bigint(20) DEFAULT NULL,
  `title` varchar(255) DEFAULT NULL,
  `body` text,
  `caption` varchar(255) DEFAULT NULL,
  `created_at` datetime NOT NULL,
  `updated_at` datetime NOT NULL,
  `image_file_name` varchar(255) DEFAULT NULL,
  `image_content_type` varchar(255) DEFAULT NULL,
  `image_file_size` int(11) DEFAULT NULL,
  `image_updated_at` datetime DEFAULT NULL,
  PRIMARY KEY (`id`),
  KEY `index_posts_on_user_id` (`user_id`),
  CONSTRAINT `fk_rails_5b5ddfd518` FOREIGN KEY (`user_id`) REFERENCES `users` (`id`)
) ENGINE=InnoDB AUTO_INCREMENT=301 DEFAULT CHARSET=utf8;
/*!40101 SET character_set_client = @saved_cs_client */;

--
-- Dumping data for table `posts`
--

LOCK TABLES `posts` WRITE;
/*!40000 ALTER TABLE `posts` DISABLE KEYS */;
INSERT INTO `posts` VALUES (1,1,'Post-1','Ashley, if you found out the only person in the world who would go out with was mentally deranged, you\'d go to bed too.','Caption-1','2017-09-06 09:05:16','2017-09-06 10:30:26','serveimage3.jpeg','image/jpeg',424721,'2017-09-06 10:30:24'),(2,2,'Post-1','Ashley, if you found out the only person in the world who would go out with was mentally deranged, you\'d go to bed too.','Caption-1','2017-09-06 09:05:16','2017-09-06 09:05:16',NULL,NULL,NULL,NULL),(3,3,'Post-1','Ashley, if you found out the only person in the world who would go out with was mentally deranged, you\'d go to bed too.','Caption-1','2017-09-06 09:05:16','2017-09-06 09:05:16',NULL,NULL,NULL,NULL),(4,4,'Post-1','Ashley, if you found out the only person in the world who would go out with was mentally deranged, you\'d go to bed too.','Caption-1','2017-09-06 09:05:16','2017-09-06 09:05:16',NULL,NULL,NULL,NULL),(5,5,'Post-1','Ashley, if you found out the only person in the world who would go out with was mentally deranged, you\'d go to bed too.','Caption-1','2017-09-06 09:05:16','2017-09-06 09:05:16',NULL,NULL,NULL,NULL),(6,6,'Post-1','Ashley, if you found out the only person in the world who would go out with was mentally deranged, you\'d go to bed too.','Caption-1','2017-09-06 09:05:16','2017-09-06 09:05:16',NULL,NULL,NULL,NULL),(7,1,'Post-2','I guess I can kiss heaven goodbye because it has got to be sin to look this good.','Caption-2','2017-09-06 09:05:16','2017-09-06 09:05:16',NULL,NULL,NULL,NULL),(8,2,'Post-2','I guess I can kiss heaven goodbye because it has got to be sin to look this good.','Caption-2','2017-09-06 09:05:16','2017-09-06 09:05:16',NULL,NULL,NULL,NULL),(9,3,'Post-2','I guess I can kiss heaven goodbye because it has got to be sin to look this good.','Caption-2','2017-09-06 09:05:16','2017-09-06 09:05:16',NULL,NULL,NULL,NULL),(10,4,'Post-2','I guess I can kiss heaven goodbye because it has got to be sin to look this good.','Caption-2','2017-09-06 09:05:16','2017-09-06 09:05:16',NULL,NULL,NULL,NULL),(11,5,'Post-2','I guess I can kiss heaven goodbye because it has got to be sin to look this good.','Caption-2','2017-09-06 09:05:16','2017-09-06 09:05:16',NULL,NULL,NULL,NULL),(12,6,'Post-2','I guess I can kiss heaven goodbye because it has got to be sin to look this good.','Caption-2','2017-09-06 09:05:16','2017-09-06 09:05:16',NULL,NULL,NULL,NULL),(13,1,'Post-3','You know what they say: Behind every successful man is a woman... or if you want to switch positions that\'s okay with me, too.','Caption-3','2017-09-06 09:05:16','2017-09-06 09:05:16',NULL,NULL,NULL,NULL),(14,2,'Post-3','You know what they say: Behind every successful man is a woman... or if you want to switch positions that\'s okay with me, too.','Caption-3','2017-09-06 09:05:16','2017-09-06 09:05:16',NULL,NULL,NULL,NULL),(15,3,'Post-3','You know what they say: Behind every successful man is a woman... or if you want to switch positions that\'s okay with me, too.','Caption-3','2017-09-06 09:05:16','2017-09-06 09:05:16',NULL,NULL,NULL,NULL),(16,4,'Post-3','You know what they say: Behind every successful man is a woman... or if you want to switch positions that\'s okay with me, too.','Caption-3','2017-09-06 09:05:16','2017-09-06 09:05:16',NULL,NULL,NULL,NULL),(17,5,'Post-3','You know what they say: Behind every successful man is a woman... or if you want to switch positions that\'s okay with me, too.','Caption-3','2017-09-06 09:05:16','2017-09-06 09:05:16',NULL,NULL,NULL,NULL),(18,6,'Post-3','You know what they say: Behind every successful man is a woman... or if you want to switch positions that\'s okay with me, too.','Caption-3','2017-09-06 09:05:16','2017-09-06 09:05:16',NULL,NULL,NULL,NULL),(19,1,'Post-4','Hello darling...NO photographs!','Caption-4','2017-09-06 09:05:16','2017-09-06 09:05:16',NULL,NULL,NULL,NULL),(20,2,'Post-4','Hello darling...NO photographs!','Caption-4','2017-09-06 09:05:17','2017-09-06 09:05:17',NULL,NULL,NULL,NULL),(21,3,'Post-4','Hello darling...NO photographs!','Caption-4','2017-09-06 09:05:17','2017-09-06 09:05:17',NULL,NULL,NULL,NULL),(22,4,'Post-4','Hello darling...NO photographs!','Caption-4','2017-09-06 09:05:17','2017-09-06 09:05:17',NULL,NULL,NULL,NULL),(23,5,'Post-4','Hello darling...NO photographs!','Caption-4','2017-09-06 09:05:17','2017-09-06 09:05:17',NULL,NULL,NULL,NULL),(24,6,'Post-4','Hello darling...NO photographs!','Caption-4','2017-09-06 09:05:17','2017-09-06 09:05:17',NULL,NULL,NULL,NULL),(25,1,'Post-5','Come on baby, I\'m saying bing bang bloozy, you and me in the jacuzzi. Whassup?','Caption-5','2017-09-06 09:05:17','2017-09-06 09:05:17',NULL,NULL,NULL,NULL),(26,2,'Post-5','Come on baby, I\'m saying bing bang bloozy, you and me in the jacuzzi. Whassup?','Caption-5','2017-09-06 09:05:17','2017-09-06 09:05:17',NULL,NULL,NULL,NULL),(27,3,'Post-5','Come on baby, I\'m saying bing bang bloozy, you and me in the jacuzzi. Whassup?','Caption-5','2017-09-06 09:05:17','2017-09-06 09:05:17',NULL,NULL,NULL,NULL),(28,4,'Post-5','Come on baby, I\'m saying bing bang bloozy, you and me in the jacuzzi. Whassup?','Caption-5','2017-09-06 09:05:17','2017-09-06 09:05:17',NULL,NULL,NULL,NULL),(29,5,'Post-5','Come on baby, I\'m saying bing bang bloozy, you and me in the jacuzzi. Whassup?','Caption-5','2017-09-06 09:05:17','2017-09-06 09:05:17',NULL,NULL,NULL,NULL),(30,6,'Post-5','Come on baby, I\'m saying bing bang bloozy, you and me in the jacuzzi. Whassup?','Caption-5','2017-09-06 09:05:17','2017-09-06 09:05:17',NULL,NULL,NULL,NULL),(31,1,'Post-6','Of all the rooms to burn in your uncle\'s home... the kitchen! Are you mad, boy?','Caption-6','2017-09-06 09:05:17','2017-09-06 09:05:17',NULL,NULL,NULL,NULL),(32,2,'Post-6','Of all the rooms to burn in your uncle\'s home... the kitchen! Are you mad, boy?','Caption-6','2017-09-06 09:05:17','2017-09-06 09:05:17',NULL,NULL,NULL,NULL),(33,3,'Post-6','Of all the rooms to burn in your uncle\'s home... the kitchen! Are you mad, boy?','Caption-6','2017-09-06 09:05:17','2017-09-06 09:05:17',NULL,NULL,NULL,NULL),(34,4,'Post-6','Of all the rooms to burn in your uncle\'s home... the kitchen! Are you mad, boy?','Caption-6','2017-09-06 09:05:17','2017-09-06 09:05:17',NULL,NULL,NULL,NULL),(35,5,'Post-6','Of all the rooms to burn in your uncle\'s home... the kitchen! Are you mad, boy?','Caption-6','2017-09-06 09:05:17','2017-09-06 09:05:17',NULL,NULL,NULL,NULL),(36,6,'Post-6','Of all the rooms to burn in your uncle\'s home... the kitchen! Are you mad, boy?','Caption-6','2017-09-06 09:05:17','2017-09-06 09:05:17',NULL,NULL,NULL,NULL),(37,1,'Post-7','Maybe I sometimes say things that are selfish and self-centered, but that\'s who I am, dammit.','Caption-7','2017-09-06 09:05:17','2017-09-06 09:05:17',NULL,NULL,NULL,NULL),(38,2,'Post-7','Maybe I sometimes say things that are selfish and self-centered, but that\'s who I am, dammit.','Caption-7','2017-09-06 09:05:17','2017-09-06 09:05:17',NULL,NULL,NULL,NULL),(39,3,'Post-7','Maybe I sometimes say things that are selfish and self-centered, but that\'s who I am, dammit.','Caption-7','2017-09-06 09:05:17','2017-09-06 09:05:17',NULL,NULL,NULL,NULL),(40,4,'Post-7','Maybe I sometimes say things that are selfish and self-centered, but that\'s who I am, dammit.','Caption-7','2017-09-06 09:05:17','2017-09-06 09:05:17',NULL,NULL,NULL,NULL),(41,5,'Post-7','Maybe I sometimes say things that are selfish and self-centered, but that\'s who I am, dammit.','Caption-7','2017-09-06 09:05:18','2017-09-06 09:05:18',NULL,NULL,NULL,NULL),(42,6,'Post-7','Maybe I sometimes say things that are selfish and self-centered, but that\'s who I am, dammit.','Caption-7','2017-09-06 09:05:18','2017-09-06 09:05:18',NULL,NULL,NULL,NULL),(43,1,'Post-8','Any time you see a white guy in jail, you know he did something bad.','Caption-8','2017-09-06 09:05:18','2017-09-06 09:05:18',NULL,NULL,NULL,NULL),(44,2,'Post-8','Any time you see a white guy in jail, you know he did something bad.','Caption-8','2017-09-06 09:05:18','2017-09-06 09:05:18',NULL,NULL,NULL,NULL),(45,3,'Post-8','Any time you see a white guy in jail, you know he did something bad.','Caption-8','2017-09-06 09:05:18','2017-09-06 09:05:18',NULL,NULL,NULL,NULL),(46,4,'Post-8','Any time you see a white guy in jail, you know he did something bad.','Caption-8','2017-09-06 09:05:18','2017-09-06 09:05:18',NULL,NULL,NULL,NULL),(47,5,'Post-8','Any time you see a white guy in jail, you know he did something bad.','Caption-8','2017-09-06 09:05:18','2017-09-06 09:05:18',NULL,NULL,NULL,NULL),(48,6,'Post-8','Any time you see a white guy in jail, you know he did something bad.','Caption-8','2017-09-06 09:05:18','2017-09-06 09:05:18',NULL,NULL,NULL,NULL),(49,1,'Post-9','I always knew Will was gonna be the downfall of this family, but no one ever listens to me.','Caption-9','2017-09-06 09:05:18','2017-09-06 09:05:18',NULL,NULL,NULL,NULL),(50,2,'Post-9','I always knew Will was gonna be the downfall of this family, but no one ever listens to me.','Caption-9','2017-09-06 09:05:18','2017-09-06 09:05:18',NULL,NULL,NULL,NULL),(51,3,'Post-9','I always knew Will was gonna be the downfall of this family, but no one ever listens to me.','Caption-9','2017-09-06 09:05:18','2017-09-06 09:05:18',NULL,NULL,NULL,NULL),(52,4,'Post-9','I always knew Will was gonna be the downfall of this family, but no one ever listens to me.','Caption-9','2017-09-06 09:05:18','2017-09-06 09:05:18',NULL,NULL,NULL,NULL),(53,5,'Post-9','I always knew Will was gonna be the downfall of this family, but no one ever listens to me.','Caption-9','2017-09-06 09:05:18','2017-09-06 09:05:18',NULL,NULL,NULL,NULL),(54,6,'Post-9','I always knew Will was gonna be the downfall of this family, but no one ever listens to me.','Caption-9','2017-09-06 09:05:18','2017-09-06 09:05:18',NULL,NULL,NULL,NULL),(55,1,'Post-10','All I see is you guys getting a fancy ride, a fancy ride in a free car.','Caption-10','2017-09-06 09:05:18','2017-09-06 09:05:18',NULL,NULL,NULL,NULL),(56,2,'Post-10','All I see is you guys getting a fancy ride, a fancy ride in a free car.','Caption-10','2017-09-06 09:05:18','2017-09-06 09:05:18',NULL,NULL,NULL,NULL),(57,3,'Post-10','All I see is you guys getting a fancy ride, a fancy ride in a free car.','Caption-10','2017-09-06 09:05:18','2017-09-06 09:05:18',NULL,NULL,NULL,NULL),(58,4,'Post-10','All I see is you guys getting a fancy ride, a fancy ride in a free car.','Caption-10','2017-09-06 09:05:18','2017-09-06 09:05:18',NULL,NULL,NULL,NULL),(59,5,'Post-10','All I see is you guys getting a fancy ride, a fancy ride in a free car.','Caption-10','2017-09-06 09:05:18','2017-09-06 09:05:18',NULL,NULL,NULL,NULL),(60,6,'Post-10','All I see is you guys getting a fancy ride, a fancy ride in a free car.','Caption-10','2017-09-06 09:05:18','2017-09-06 09:05:18',NULL,NULL,NULL,NULL),(61,1,'Post-11','What kind of idiot picks a password no one can guess?','Caption-11','2017-09-06 09:05:18','2017-09-06 09:05:18',NULL,NULL,NULL,NULL),(62,2,'Post-11','What kind of idiot picks a password no one can guess?','Caption-11','2017-09-06 09:05:18','2017-09-06 09:05:18',NULL,NULL,NULL,NULL),(63,3,'Post-11','What kind of idiot picks a password no one can guess?','Caption-11','2017-09-06 09:05:19','2017-09-06 09:05:19',NULL,NULL,NULL,NULL),(64,4,'Post-11','What kind of idiot picks a password no one can guess?','Caption-11','2017-09-06 09:05:19','2017-09-06 09:05:19',NULL,NULL,NULL,NULL),(65,5,'Post-11','What kind of idiot picks a password no one can guess?','Caption-11','2017-09-06 09:05:19','2017-09-06 09:05:19',NULL,NULL,NULL,NULL),(66,6,'Post-11','What kind of idiot picks a password no one can guess?','Caption-11','2017-09-06 09:05:19','2017-09-06 09:05:19',NULL,NULL,NULL,NULL),(67,1,'Post-12','I guess I can kiss heaven goodbye because it has got to be sin to look this good.','Caption-12','2017-09-06 09:05:19','2017-09-06 09:05:19',NULL,NULL,NULL,NULL),(68,2,'Post-12','I guess I can kiss heaven goodbye because it has got to be sin to look this good.','Caption-12','2017-09-06 09:05:19','2017-09-06 09:05:19',NULL,NULL,NULL,NULL),(69,3,'Post-12','I guess I can kiss heaven goodbye because it has got to be sin to look this good.','Caption-12','2017-09-06 09:05:19','2017-09-06 09:05:19',NULL,NULL,NULL,NULL),(70,4,'Post-12','I guess I can kiss heaven goodbye because it has got to be sin to look this good.','Caption-12','2017-09-06 09:05:19','2017-09-06 09:05:19',NULL,NULL,NULL,NULL),(71,5,'Post-12','I guess I can kiss heaven goodbye because it has got to be sin to look this good.','Caption-12','2017-09-06 09:05:19','2017-09-06 09:05:19',NULL,NULL,NULL,NULL),(72,6,'Post-12','I guess I can kiss heaven goodbye because it has got to be sin to look this good.','Caption-12','2017-09-06 09:05:19','2017-09-06 09:05:19',NULL,NULL,NULL,NULL),(73,1,'Post-13','I\'m definitely gonna miss you, C.','Caption-13','2017-09-06 09:05:19','2017-09-06 09:05:19',NULL,NULL,NULL,NULL),(74,2,'Post-13','I\'m definitely gonna miss you, C.','Caption-13','2017-09-06 09:05:19','2017-09-06 09:05:19',NULL,NULL,NULL,NULL),(75,3,'Post-13','I\'m definitely gonna miss you, C.','Caption-13','2017-09-06 09:05:19','2017-09-06 09:05:19',NULL,NULL,NULL,NULL),(76,4,'Post-13','I\'m definitely gonna miss you, C.','Caption-13','2017-09-06 09:05:19','2017-09-06 09:05:19',NULL,NULL,NULL,NULL),(77,5,'Post-13','I\'m definitely gonna miss you, C.','Caption-13','2017-09-06 09:05:19','2017-09-06 09:05:19',NULL,NULL,NULL,NULL),(78,6,'Post-13','I\'m definitely gonna miss you, C.','Caption-13','2017-09-06 09:05:19','2017-09-06 09:05:19',NULL,NULL,NULL,NULL),(79,1,'Post-14','I\'d love to get a hold of you during a blackout.','Caption-14','2017-09-06 09:05:19','2017-09-06 09:05:19',NULL,NULL,NULL,NULL),(80,2,'Post-14','I\'d love to get a hold of you during a blackout.','Caption-14','2017-09-06 09:05:19','2017-09-06 09:05:19',NULL,NULL,NULL,NULL),(81,3,'Post-14','I\'d love to get a hold of you during a blackout.','Caption-14','2017-09-06 09:05:19','2017-09-06 09:05:19',NULL,NULL,NULL,NULL),(82,4,'Post-14','I\'d love to get a hold of you during a blackout.','Caption-14','2017-09-06 09:05:19','2017-09-06 09:05:19',NULL,NULL,NULL,NULL),(83,5,'Post-14','I\'d love to get a hold of you during a blackout.','Caption-14','2017-09-06 09:05:19','2017-09-06 09:05:19',NULL,NULL,NULL,NULL),(84,6,'Post-14','I\'d love to get a hold of you during a blackout.','Caption-14','2017-09-06 09:05:19','2017-09-06 09:05:19',NULL,NULL,NULL,NULL),(85,1,'Post-15','Oh, Geoffrey, I\'m gonna miss you. Oh, we have to have a special going away dinner for you. What do you wanna make?','Caption-15','2017-09-06 09:05:19','2017-09-06 09:05:19',NULL,NULL,NULL,NULL),(86,2,'Post-15','Oh, Geoffrey, I\'m gonna miss you. Oh, we have to have a special going away dinner for you. What do you wanna make?','Caption-15','2017-09-06 09:05:19','2017-09-06 09:05:19',NULL,NULL,NULL,NULL),(87,3,'Post-15','Oh, Geoffrey, I\'m gonna miss you. Oh, we have to have a special going away dinner for you. What do you wanna make?','Caption-15','2017-09-06 09:05:19','2017-09-06 09:05:19',NULL,NULL,NULL,NULL),(88,4,'Post-15','Oh, Geoffrey, I\'m gonna miss you. Oh, we have to have a special going away dinner for you. What do you wanna make?','Caption-15','2017-09-06 09:05:20','2017-09-06 09:05:20',NULL,NULL,NULL,NULL),(89,5,'Post-15','Oh, Geoffrey, I\'m gonna miss you. Oh, we have to have a special going away dinner for you. What do you wanna make?','Caption-15','2017-09-06 09:05:20','2017-09-06 09:05:20',NULL,NULL,NULL,NULL),(90,6,'Post-15','Oh, Geoffrey, I\'m gonna miss you. Oh, we have to have a special going away dinner for you. What do you wanna make?','Caption-15','2017-09-06 09:05:20','2017-09-06 09:05:20',NULL,NULL,NULL,NULL),(91,1,'Post-16','I exploit people everyday, but it\'s Thanksgiving so I\'m taking a day off.','Caption-16','2017-09-06 09:05:20','2017-09-06 09:05:20',NULL,NULL,NULL,NULL),(92,2,'Post-16','I exploit people everyday, but it\'s Thanksgiving so I\'m taking a day off.','Caption-16','2017-09-06 09:05:20','2017-09-06 09:05:20',NULL,NULL,NULL,NULL),(93,3,'Post-16','I exploit people everyday, but it\'s Thanksgiving so I\'m taking a day off.','Caption-16','2017-09-06 09:05:20','2017-09-06 09:05:20',NULL,NULL,NULL,NULL),(94,4,'Post-16','I exploit people everyday, but it\'s Thanksgiving so I\'m taking a day off.','Caption-16','2017-09-06 09:05:20','2017-09-06 09:05:20',NULL,NULL,NULL,NULL),(95,5,'Post-16','I exploit people everyday, but it\'s Thanksgiving so I\'m taking a day off.','Caption-16','2017-09-06 09:05:20','2017-09-06 09:05:20',NULL,NULL,NULL,NULL),(96,6,'Post-16','I exploit people everyday, but it\'s Thanksgiving so I\'m taking a day off.','Caption-16','2017-09-06 09:05:20','2017-09-06 09:05:20',NULL,NULL,NULL,NULL),(97,1,'Post-17','I guess I can kiss heaven goodbye because it has got to be sin to look this good.','Caption-17','2017-09-06 09:05:20','2017-09-06 09:05:20',NULL,NULL,NULL,NULL),(98,2,'Post-17','I guess I can kiss heaven goodbye because it has got to be sin to look this good.','Caption-17','2017-09-06 09:05:20','2017-09-06 09:05:20',NULL,NULL,NULL,NULL),(99,3,'Post-17','I guess I can kiss heaven goodbye because it has got to be sin to look this good.','Caption-17','2017-09-06 09:05:20','2017-09-06 09:05:20',NULL,NULL,NULL,NULL),(100,4,'Post-17','I guess I can kiss heaven goodbye because it has got to be sin to look this good.','Caption-17','2017-09-06 09:05:20','2017-09-06 09:05:20',NULL,NULL,NULL,NULL),(101,5,'Post-17','I guess I can kiss heaven goodbye because it has got to be sin to look this good.','Caption-17','2017-09-06 09:05:20','2017-09-06 09:05:20',NULL,NULL,NULL,NULL),(102,6,'Post-17','I guess I can kiss heaven goodbye because it has got to be sin to look this good.','Caption-17','2017-09-06 09:05:20','2017-09-06 09:05:20',NULL,NULL,NULL,NULL),(103,1,'Post-18','All this legal stuff won\'t work. The only legal phrase these people understand is \'will the defendant please rise.\'','Caption-18','2017-09-06 09:05:20','2017-09-06 09:05:20',NULL,NULL,NULL,NULL),(104,2,'Post-18','All this legal stuff won\'t work. The only legal phrase these people understand is \'will the defendant please rise.\'','Caption-18','2017-09-06 09:05:20','2017-09-06 09:05:20',NULL,NULL,NULL,NULL),(105,3,'Post-18','All this legal stuff won\'t work. The only legal phrase these people understand is \'will the defendant please rise.\'','Caption-18','2017-09-06 09:05:20','2017-09-06 09:05:20',NULL,NULL,NULL,NULL),(106,4,'Post-18','All this legal stuff won\'t work. The only legal phrase these people understand is \'will the defendant please rise.\'','Caption-18','2017-09-06 09:05:20','2017-09-06 09:05:20',NULL,NULL,NULL,NULL),(107,5,'Post-18','All this legal stuff won\'t work. The only legal phrase these people understand is \'will the defendant please rise.\'','Caption-18','2017-09-06 09:05:20','2017-09-06 09:05:20',NULL,NULL,NULL,NULL),(108,6,'Post-18','All this legal stuff won\'t work. The only legal phrase these people understand is \'will the defendant please rise.\'','Caption-18','2017-09-06 09:05:21','2017-09-06 09:05:21',NULL,NULL,NULL,NULL),(109,1,'Post-19','Oh, Geoffrey, I\'m gonna miss you. Oh, we have to have a special going away dinner for you. What do you wanna make?','Caption-19','2017-09-06 09:05:21','2017-09-06 09:05:21',NULL,NULL,NULL,NULL),(110,2,'Post-19','Oh, Geoffrey, I\'m gonna miss you. Oh, we have to have a special going away dinner for you. What do you wanna make?','Caption-19','2017-09-06 09:05:21','2017-09-06 09:05:21',NULL,NULL,NULL,NULL),(111,3,'Post-19','Oh, Geoffrey, I\'m gonna miss you. Oh, we have to have a special going away dinner for you. What do you wanna make?','Caption-19','2017-09-06 09:05:21','2017-09-06 09:05:21',NULL,NULL,NULL,NULL),(112,4,'Post-19','Oh, Geoffrey, I\'m gonna miss you. Oh, we have to have a special going away dinner for you. What do you wanna make?','Caption-19','2017-09-06 09:05:21','2017-09-06 09:05:21',NULL,NULL,NULL,NULL),(113,5,'Post-19','Oh, Geoffrey, I\'m gonna miss you. Oh, we have to have a special going away dinner for you. What do you wanna make?','Caption-19','2017-09-06 09:05:21','2017-09-06 09:05:21',NULL,NULL,NULL,NULL),(114,6,'Post-19','Oh, Geoffrey, I\'m gonna miss you. Oh, we have to have a special going away dinner for you. What do you wanna make?','Caption-19','2017-09-06 09:05:21','2017-09-06 09:05:21',NULL,NULL,NULL,NULL),(115,1,'Post-20','Between you and the humpty dance, I\'ll have to get a metal plate on my butt.','Caption-20','2017-09-06 09:05:21','2017-09-06 09:05:21',NULL,NULL,NULL,NULL),(116,2,'Post-20','Between you and the humpty dance, I\'ll have to get a metal plate on my butt.','Caption-20','2017-09-06 09:05:21','2017-09-06 09:05:21',NULL,NULL,NULL,NULL),(117,3,'Post-20','Between you and the humpty dance, I\'ll have to get a metal plate on my butt.','Caption-20','2017-09-06 09:05:21','2017-09-06 09:05:21',NULL,NULL,NULL,NULL),(118,4,'Post-20','Between you and the humpty dance, I\'ll have to get a metal plate on my butt.','Caption-20','2017-09-06 09:05:21','2017-09-06 09:05:21',NULL,NULL,NULL,NULL),(119,5,'Post-20','Between you and the humpty dance, I\'ll have to get a metal plate on my butt.','Caption-20','2017-09-06 09:05:21','2017-09-06 09:05:21',NULL,NULL,NULL,NULL),(120,6,'Post-20','Between you and the humpty dance, I\'ll have to get a metal plate on my butt.','Caption-20','2017-09-06 09:05:21','2017-09-06 09:05:21',NULL,NULL,NULL,NULL),(121,1,'Post-21','Hit the road, you little tramp!','Caption-21','2017-09-06 09:05:21','2017-09-06 09:05:21',NULL,NULL,NULL,NULL),(122,2,'Post-21','Hit the road, you little tramp!','Caption-21','2017-09-06 09:05:21','2017-09-06 09:05:21',NULL,NULL,NULL,NULL),(123,3,'Post-21','Hit the road, you little tramp!','Caption-21','2017-09-06 09:05:21','2017-09-06 09:05:21',NULL,NULL,NULL,NULL),(124,4,'Post-21','Hit the road, you little tramp!','Caption-21','2017-09-06 09:05:21','2017-09-06 09:05:21',NULL,NULL,NULL,NULL),(125,5,'Post-21','Hit the road, you little tramp!','Caption-21','2017-09-06 09:05:21','2017-09-06 09:05:21',NULL,NULL,NULL,NULL),(126,6,'Post-21','Hit the road, you little tramp!','Caption-21','2017-09-06 09:05:21','2017-09-06 09:05:21',NULL,NULL,NULL,NULL),(127,1,'Post-22','Between you and the humpty dance, I\'ll have to get a metal plate on my butt.','Caption-22','2017-09-06 09:05:21','2017-09-06 09:05:21',NULL,NULL,NULL,NULL),(128,2,'Post-22','Between you and the humpty dance, I\'ll have to get a metal plate on my butt.','Caption-22','2017-09-06 09:05:21','2017-09-06 09:05:21',NULL,NULL,NULL,NULL),(129,3,'Post-22','Between you and the humpty dance, I\'ll have to get a metal plate on my butt.','Caption-22','2017-09-06 09:05:21','2017-09-06 09:05:21',NULL,NULL,NULL,NULL),(130,4,'Post-22','Between you and the humpty dance, I\'ll have to get a metal plate on my butt.','Caption-22','2017-09-06 09:05:21','2017-09-06 09:05:21',NULL,NULL,NULL,NULL),(131,5,'Post-22','Between you and the humpty dance, I\'ll have to get a metal plate on my butt.','Caption-22','2017-09-06 09:05:22','2017-09-06 09:05:22',NULL,NULL,NULL,NULL),(132,6,'Post-22','Between you and the humpty dance, I\'ll have to get a metal plate on my butt.','Caption-22','2017-09-06 09:05:22','2017-09-06 09:05:22',NULL,NULL,NULL,NULL),(133,1,'Post-23','Don\'t tell me, \'cause if I know I can\'t say that I don\'t know when you get busted and Uncle Phil starts rounding up the usual suspects. And I am the usual suspects.','Caption-23','2017-09-06 09:05:22','2017-09-06 09:05:22',NULL,NULL,NULL,NULL),(134,2,'Post-23','Don\'t tell me, \'cause if I know I can\'t say that I don\'t know when you get busted and Uncle Phil starts rounding up the usual suspects. And I am the usual suspects.','Caption-23','2017-09-06 09:05:22','2017-09-06 09:05:22',NULL,NULL,NULL,NULL),(135,3,'Post-23','Don\'t tell me, \'cause if I know I can\'t say that I don\'t know when you get busted and Uncle Phil starts rounding up the usual suspects. And I am the usual suspects.','Caption-23','2017-09-06 09:05:22','2017-09-06 09:05:22',NULL,NULL,NULL,NULL),(136,4,'Post-23','Don\'t tell me, \'cause if I know I can\'t say that I don\'t know when you get busted and Uncle Phil starts rounding up the usual suspects. And I am the usual suspects.','Caption-23','2017-09-06 09:05:22','2017-09-06 09:05:22',NULL,NULL,NULL,NULL),(137,5,'Post-23','Don\'t tell me, \'cause if I know I can\'t say that I don\'t know when you get busted and Uncle Phil starts rounding up the usual suspects. And I am the usual suspects.','Caption-23','2017-09-06 09:05:22','2017-09-06 09:05:22',NULL,NULL,NULL,NULL),(138,6,'Post-23','Don\'t tell me, \'cause if I know I can\'t say that I don\'t know when you get busted and Uncle Phil starts rounding up the usual suspects. And I am the usual suspects.','Caption-23','2017-09-06 09:05:22','2017-09-06 09:05:22',NULL,NULL,NULL,NULL),(139,1,'Post-24','Word up. This is gonna be cold, stupid on the serious tip.','Caption-24','2017-09-06 09:05:22','2017-09-06 09:05:22',NULL,NULL,NULL,NULL),(140,2,'Post-24','Word up. This is gonna be cold, stupid on the serious tip.','Caption-24','2017-09-06 09:05:22','2017-09-06 09:05:22',NULL,NULL,NULL,NULL),(141,3,'Post-24','Word up. This is gonna be cold, stupid on the serious tip.','Caption-24','2017-09-06 09:05:22','2017-09-06 09:05:22',NULL,NULL,NULL,NULL),(142,4,'Post-24','Word up. This is gonna be cold, stupid on the serious tip.','Caption-24','2017-09-06 09:05:22','2017-09-06 09:05:22',NULL,NULL,NULL,NULL),(143,5,'Post-24','Word up. This is gonna be cold, stupid on the serious tip.','Caption-24','2017-09-06 09:05:22','2017-09-06 09:05:22',NULL,NULL,NULL,NULL),(144,6,'Post-24','Word up. This is gonna be cold, stupid on the serious tip.','Caption-24','2017-09-06 09:05:22','2017-09-06 09:05:22',NULL,NULL,NULL,NULL),(145,1,'Post-25','I\'d love to get a hold of you during a blackout.','Caption-25','2017-09-06 09:05:22','2017-09-06 09:05:22',NULL,NULL,NULL,NULL),(146,2,'Post-25','I\'d love to get a hold of you during a blackout.','Caption-25','2017-09-06 09:05:22','2017-09-06 09:05:22',NULL,NULL,NULL,NULL),(147,3,'Post-25','I\'d love to get a hold of you during a blackout.','Caption-25','2017-09-06 09:05:22','2017-09-06 09:05:22',NULL,NULL,NULL,NULL),(148,4,'Post-25','I\'d love to get a hold of you during a blackout.','Caption-25','2017-09-06 09:05:22','2017-09-06 09:05:22',NULL,NULL,NULL,NULL),(149,5,'Post-25','I\'d love to get a hold of you during a blackout.','Caption-25','2017-09-06 09:05:22','2017-09-06 09:05:22',NULL,NULL,NULL,NULL),(150,6,'Post-25','I\'d love to get a hold of you during a blackout.','Caption-25','2017-09-06 09:05:22','2017-09-06 09:05:22',NULL,NULL,NULL,NULL),(151,1,'Post-26','I always knew Will was gonna be the downfall of this family, but no one ever listens to me.','Caption-26','2017-09-06 09:05:22','2017-09-06 09:05:22',NULL,NULL,NULL,NULL),(152,2,'Post-26','I always knew Will was gonna be the downfall of this family, but no one ever listens to me.','Caption-26','2017-09-06 09:05:23','2017-09-06 09:05:23',NULL,NULL,NULL,NULL),(153,3,'Post-26','I always knew Will was gonna be the downfall of this family, but no one ever listens to me.','Caption-26','2017-09-06 09:05:23','2017-09-06 09:05:23',NULL,NULL,NULL,NULL),(154,4,'Post-26','I always knew Will was gonna be the downfall of this family, but no one ever listens to me.','Caption-26','2017-09-06 09:05:23','2017-09-06 09:05:23',NULL,NULL,NULL,NULL),(155,5,'Post-26','I always knew Will was gonna be the downfall of this family, but no one ever listens to me.','Caption-26','2017-09-06 09:05:23','2017-09-06 09:05:23',NULL,NULL,NULL,NULL),(156,6,'Post-26','I always knew Will was gonna be the downfall of this family, but no one ever listens to me.','Caption-26','2017-09-06 09:05:23','2017-09-06 09:05:23',NULL,NULL,NULL,NULL),(157,1,'Post-27','You\'ve heard of the Batmobile, get a load of the Rapmobile!','Caption-27','2017-09-06 09:05:23','2017-09-06 09:05:23',NULL,NULL,NULL,NULL),(158,2,'Post-27','You\'ve heard of the Batmobile, get a load of the Rapmobile!','Caption-27','2017-09-06 09:05:23','2017-09-06 09:05:23',NULL,NULL,NULL,NULL),(159,3,'Post-27','You\'ve heard of the Batmobile, get a load of the Rapmobile!','Caption-27','2017-09-06 09:05:23','2017-09-06 09:05:23',NULL,NULL,NULL,NULL),(160,4,'Post-27','You\'ve heard of the Batmobile, get a load of the Rapmobile!','Caption-27','2017-09-06 09:05:23','2017-09-06 09:05:23',NULL,NULL,NULL,NULL),(161,5,'Post-27','You\'ve heard of the Batmobile, get a load of the Rapmobile!','Caption-27','2017-09-06 09:05:23','2017-09-06 09:05:23',NULL,NULL,NULL,NULL),(162,6,'Post-27','You\'ve heard of the Batmobile, get a load of the Rapmobile!','Caption-27','2017-09-06 09:05:23','2017-09-06 09:05:23',NULL,NULL,NULL,NULL),(163,1,'Post-28','What kind of idiot picks a password no one can guess?','Caption-28','2017-09-06 09:05:23','2017-09-06 09:05:23',NULL,NULL,NULL,NULL),(164,2,'Post-28','What kind of idiot picks a password no one can guess?','Caption-28','2017-09-06 09:05:23','2017-09-06 09:05:23',NULL,NULL,NULL,NULL),(165,3,'Post-28','What kind of idiot picks a password no one can guess?','Caption-28','2017-09-06 09:05:23','2017-09-06 09:05:23',NULL,NULL,NULL,NULL),(166,4,'Post-28','What kind of idiot picks a password no one can guess?','Caption-28','2017-09-06 09:05:23','2017-09-06 09:05:23',NULL,NULL,NULL,NULL),(167,5,'Post-28','What kind of idiot picks a password no one can guess?','Caption-28','2017-09-06 09:05:23','2017-09-06 09:05:23',NULL,NULL,NULL,NULL),(168,6,'Post-28','What kind of idiot picks a password no one can guess?','Caption-28','2017-09-06 09:05:23','2017-09-06 09:05:23',NULL,NULL,NULL,NULL),(169,1,'Post-29','Let\'s go get some barbecue and get busy.','Caption-29','2017-09-06 09:05:23','2017-09-06 09:05:23',NULL,NULL,NULL,NULL),(170,2,'Post-29','Let\'s go get some barbecue and get busy.','Caption-29','2017-09-06 09:05:23','2017-09-06 09:05:23',NULL,NULL,NULL,NULL),(171,3,'Post-29','Let\'s go get some barbecue and get busy.','Caption-29','2017-09-06 09:05:24','2017-09-06 09:05:24',NULL,NULL,NULL,NULL),(172,4,'Post-29','Let\'s go get some barbecue and get busy.','Caption-29','2017-09-06 09:05:24','2017-09-06 09:05:24',NULL,NULL,NULL,NULL),(173,5,'Post-29','Let\'s go get some barbecue and get busy.','Caption-29','2017-09-06 09:05:24','2017-09-06 09:05:24',NULL,NULL,NULL,NULL),(174,6,'Post-29','Let\'s go get some barbecue and get busy.','Caption-29','2017-09-06 09:05:24','2017-09-06 09:05:24',NULL,NULL,NULL,NULL),(175,1,'Post-30','Might I say you rate a perfect 10 on my niftiness meter?','Caption-30','2017-09-06 09:05:24','2017-09-06 09:05:24',NULL,NULL,NULL,NULL),(176,2,'Post-30','Might I say you rate a perfect 10 on my niftiness meter?','Caption-30','2017-09-06 09:05:24','2017-09-06 09:05:24',NULL,NULL,NULL,NULL),(177,3,'Post-30','Might I say you rate a perfect 10 on my niftiness meter?','Caption-30','2017-09-06 09:05:24','2017-09-06 09:05:24',NULL,NULL,NULL,NULL),(178,4,'Post-30','Might I say you rate a perfect 10 on my niftiness meter?','Caption-30','2017-09-06 09:05:24','2017-09-06 09:05:24',NULL,NULL,NULL,NULL),(179,5,'Post-30','Might I say you rate a perfect 10 on my niftiness meter?','Caption-30','2017-09-06 09:05:24','2017-09-06 09:05:24',NULL,NULL,NULL,NULL),(180,6,'Post-30','Might I say you rate a perfect 10 on my niftiness meter?','Caption-30','2017-09-06 09:05:24','2017-09-06 09:05:24',NULL,NULL,NULL,NULL),(181,1,'Post-31','I exploit people everyday, but it\'s Thanksgiving so I\'m taking a day off.','Caption-31','2017-09-06 09:05:24','2017-09-06 09:05:24',NULL,NULL,NULL,NULL),(182,2,'Post-31','I exploit people everyday, but it\'s Thanksgiving so I\'m taking a day off.','Caption-31','2017-09-06 09:05:24','2017-09-06 09:05:24',NULL,NULL,NULL,NULL),(183,3,'Post-31','I exploit people everyday, but it\'s Thanksgiving so I\'m taking a day off.','Caption-31','2017-09-06 09:05:24','2017-09-06 09:05:24',NULL,NULL,NULL,NULL),(184,4,'Post-31','I exploit people everyday, but it\'s Thanksgiving so I\'m taking a day off.','Caption-31','2017-09-06 09:05:24','2017-09-06 09:05:24',NULL,NULL,NULL,NULL),(185,5,'Post-31','I exploit people everyday, but it\'s Thanksgiving so I\'m taking a day off.','Caption-31','2017-09-06 09:05:24','2017-09-06 09:05:24',NULL,NULL,NULL,NULL),(186,6,'Post-31','I exploit people everyday, but it\'s Thanksgiving so I\'m taking a day off.','Caption-31','2017-09-06 09:05:24','2017-09-06 09:05:24',NULL,NULL,NULL,NULL),(187,1,'Post-32','Girl, if God created anything less beautiful than you, I hope He kept it for Himself.','Caption-32','2017-09-06 09:05:24','2017-09-06 09:05:24',NULL,NULL,NULL,NULL),(188,2,'Post-32','Girl, if God created anything less beautiful than you, I hope He kept it for Himself.','Caption-32','2017-09-06 09:05:24','2017-09-06 09:05:24',NULL,NULL,NULL,NULL),(189,3,'Post-32','Girl, if God created anything less beautiful than you, I hope He kept it for Himself.','Caption-32','2017-09-06 09:05:24','2017-09-06 09:05:24',NULL,NULL,NULL,NULL),(190,4,'Post-32','Girl, if God created anything less beautiful than you, I hope He kept it for Himself.','Caption-32','2017-09-06 09:05:24','2017-09-06 09:05:24',NULL,NULL,NULL,NULL),(191,5,'Post-32','Girl, if God created anything less beautiful than you, I hope He kept it for Himself.','Caption-32','2017-09-06 09:05:24','2017-09-06 09:05:24',NULL,NULL,NULL,NULL),(192,6,'Post-32','Girl, if God created anything less beautiful than you, I hope He kept it for Himself.','Caption-32','2017-09-06 09:05:24','2017-09-06 09:05:24',NULL,NULL,NULL,NULL),(193,1,'Post-33','Any time you see a white guy in jail, you know he did something bad.','Caption-33','2017-09-06 09:05:24','2017-09-06 09:05:24',NULL,NULL,NULL,NULL),(194,2,'Post-33','Any time you see a white guy in jail, you know he did something bad.','Caption-33','2017-09-06 09:05:24','2017-09-06 09:05:24',NULL,NULL,NULL,NULL),(195,3,'Post-33','Any time you see a white guy in jail, you know he did something bad.','Caption-33','2017-09-06 09:05:25','2017-09-06 09:05:25',NULL,NULL,NULL,NULL),(196,4,'Post-33','Any time you see a white guy in jail, you know he did something bad.','Caption-33','2017-09-06 09:05:25','2017-09-06 09:05:25',NULL,NULL,NULL,NULL),(197,5,'Post-33','Any time you see a white guy in jail, you know he did something bad.','Caption-33','2017-09-06 09:05:25','2017-09-06 09:05:25',NULL,NULL,NULL,NULL),(198,6,'Post-33','Any time you see a white guy in jail, you know he did something bad.','Caption-33','2017-09-06 09:05:25','2017-09-06 09:05:25',NULL,NULL,NULL,NULL),(199,1,'Post-34','Will is not a coat that you hang in the closet then pick it up when you\'re ready to wear it! His life goes on! He\'s not supposed to be there for you, you\'re supposed to be there for him!','Caption-34','2017-09-06 09:05:25','2017-09-06 09:05:25',NULL,NULL,NULL,NULL),(200,2,'Post-34','Will is not a coat that you hang in the closet then pick it up when you\'re ready to wear it! His life goes on! He\'s not supposed to be there for you, you\'re supposed to be there for him!','Caption-34','2017-09-06 09:05:25','2017-09-06 09:05:25',NULL,NULL,NULL,NULL),(201,3,'Post-34','Will is not a coat that you hang in the closet then pick it up when you\'re ready to wear it! His life goes on! He\'s not supposed to be there for you, you\'re supposed to be there for him!','Caption-34','2017-09-06 09:05:25','2017-09-06 09:05:25',NULL,NULL,NULL,NULL),(202,4,'Post-34','Will is not a coat that you hang in the closet then pick it up when you\'re ready to wear it! His life goes on! He\'s not supposed to be there for you, you\'re supposed to be there for him!','Caption-34','2017-09-06 09:05:25','2017-09-06 09:05:25',NULL,NULL,NULL,NULL),(203,5,'Post-34','Will is not a coat that you hang in the closet then pick it up when you\'re ready to wear it! His life goes on! He\'s not supposed to be there for you, you\'re supposed to be there for him!','Caption-34','2017-09-06 09:05:25','2017-09-06 09:05:25',NULL,NULL,NULL,NULL),(204,6,'Post-34','Will is not a coat that you hang in the closet then pick it up when you\'re ready to wear it! His life goes on! He\'s not supposed to be there for you, you\'re supposed to be there for him!','Caption-34','2017-09-06 09:05:25','2017-09-06 09:05:25',NULL,NULL,NULL,NULL),(205,1,'Post-35','Hello darling...NO photographs!','Caption-35','2017-09-06 09:05:25','2017-09-06 09:05:25',NULL,NULL,NULL,NULL),(206,2,'Post-35','Hello darling...NO photographs!','Caption-35','2017-09-06 09:05:25','2017-09-06 09:05:25',NULL,NULL,NULL,NULL),(207,3,'Post-35','Hello darling...NO photographs!','Caption-35','2017-09-06 09:05:25','2017-09-06 09:05:25',NULL,NULL,NULL,NULL),(208,4,'Post-35','Hello darling...NO photographs!','Caption-35','2017-09-06 09:05:25','2017-09-06 09:05:25',NULL,NULL,NULL,NULL),(209,5,'Post-35','Hello darling...NO photographs!','Caption-35','2017-09-06 09:05:25','2017-09-06 09:05:25',NULL,NULL,NULL,NULL),(210,6,'Post-35','Hello darling...NO photographs!','Caption-35','2017-09-06 09:05:25','2017-09-06 09:05:25',NULL,NULL,NULL,NULL),(211,1,'Post-36','Word up. This is gonna be cold, stupid on the serious tip.','Caption-36','2017-09-06 09:05:25','2017-09-06 09:05:25',NULL,NULL,NULL,NULL),(212,2,'Post-36','Word up. This is gonna be cold, stupid on the serious tip.','Caption-36','2017-09-06 09:05:25','2017-09-06 09:05:25',NULL,NULL,NULL,NULL),(213,3,'Post-36','Word up. This is gonna be cold, stupid on the serious tip.','Caption-36','2017-09-06 09:05:25','2017-09-06 09:05:25',NULL,NULL,NULL,NULL),(214,4,'Post-36','Word up. This is gonna be cold, stupid on the serious tip.','Caption-36','2017-09-06 09:05:25','2017-09-06 09:05:25',NULL,NULL,NULL,NULL),(215,5,'Post-36','Word up. This is gonna be cold, stupid on the serious tip.','Caption-36','2017-09-06 09:05:25','2017-09-06 09:05:25',NULL,NULL,NULL,NULL),(216,6,'Post-36','Word up. This is gonna be cold, stupid on the serious tip.','Caption-36','2017-09-06 09:05:25','2017-09-06 09:05:25',NULL,NULL,NULL,NULL),(217,1,'Post-37','Hurt me, hurt me! Whoa, whoa, whoa, whoa. What\'s up, baby?','Caption-37','2017-09-06 09:05:25','2017-09-06 09:05:25',NULL,NULL,NULL,NULL),(218,2,'Post-37','Hurt me, hurt me! Whoa, whoa, whoa, whoa. What\'s up, baby?','Caption-37','2017-09-06 09:05:25','2017-09-06 09:05:25',NULL,NULL,NULL,NULL),(219,3,'Post-37','Hurt me, hurt me! Whoa, whoa, whoa, whoa. What\'s up, baby?','Caption-37','2017-09-06 09:05:25','2017-09-06 09:05:25',NULL,NULL,NULL,NULL),(220,4,'Post-37','Hurt me, hurt me! Whoa, whoa, whoa, whoa. What\'s up, baby?','Caption-37','2017-09-06 09:05:26','2017-09-06 09:05:26',NULL,NULL,NULL,NULL),(221,5,'Post-37','Hurt me, hurt me! Whoa, whoa, whoa, whoa. What\'s up, baby?','Caption-37','2017-09-06 09:05:26','2017-09-06 09:05:26',NULL,NULL,NULL,NULL),(222,6,'Post-37','Hurt me, hurt me! Whoa, whoa, whoa, whoa. What\'s up, baby?','Caption-37','2017-09-06 09:05:26','2017-09-06 09:05:26',NULL,NULL,NULL,NULL),(223,1,'Post-38','Might I say you rate a perfect 10 on my niftiness meter?','Caption-38','2017-09-06 09:05:26','2017-09-06 09:05:26',NULL,NULL,NULL,NULL),(224,2,'Post-38','Might I say you rate a perfect 10 on my niftiness meter?','Caption-38','2017-09-06 09:05:26','2017-09-06 09:05:26',NULL,NULL,NULL,NULL),(225,3,'Post-38','Might I say you rate a perfect 10 on my niftiness meter?','Caption-38','2017-09-06 09:05:26','2017-09-06 09:05:26',NULL,NULL,NULL,NULL),(226,4,'Post-38','Might I say you rate a perfect 10 on my niftiness meter?','Caption-38','2017-09-06 09:05:26','2017-09-06 09:05:26',NULL,NULL,NULL,NULL),(227,5,'Post-38','Might I say you rate a perfect 10 on my niftiness meter?','Caption-38','2017-09-06 09:05:26','2017-09-06 09:05:26',NULL,NULL,NULL,NULL),(228,6,'Post-38','Might I say you rate a perfect 10 on my niftiness meter?','Caption-38','2017-09-06 09:05:26','2017-09-06 09:05:26',NULL,NULL,NULL,NULL),(229,1,'Post-39','Word up. This is gonna be cold, stupid on the serious tip.','Caption-39','2017-09-06 09:05:26','2017-09-06 09:05:26',NULL,NULL,NULL,NULL),(230,2,'Post-39','Word up. This is gonna be cold, stupid on the serious tip.','Caption-39','2017-09-06 09:05:26','2017-09-06 09:05:26',NULL,NULL,NULL,NULL),(231,3,'Post-39','Word up. This is gonna be cold, stupid on the serious tip.','Caption-39','2017-09-06 09:05:26','2017-09-06 09:05:26',NULL,NULL,NULL,NULL),(232,4,'Post-39','Word up. This is gonna be cold, stupid on the serious tip.','Caption-39','2017-09-06 09:05:26','2017-09-06 09:05:26',NULL,NULL,NULL,NULL),(233,5,'Post-39','Word up. This is gonna be cold, stupid on the serious tip.','Caption-39','2017-09-06 09:05:26','2017-09-06 09:05:26',NULL,NULL,NULL,NULL),(234,6,'Post-39','Word up. This is gonna be cold, stupid on the serious tip.','Caption-39','2017-09-06 09:05:26','2017-09-06 09:05:26',NULL,NULL,NULL,NULL),(235,1,'Post-40','Carlton, come on. Just because the baby is cute doesn\'t mean you\'re not the father.','Caption-40','2017-09-06 09:05:26','2017-09-06 09:05:26',NULL,NULL,NULL,NULL),(236,2,'Post-40','Carlton, come on. Just because the baby is cute doesn\'t mean you\'re not the father.','Caption-40','2017-09-06 09:05:26','2017-09-06 09:05:26',NULL,NULL,NULL,NULL),(237,3,'Post-40','Carlton, come on. Just because the baby is cute doesn\'t mean you\'re not the father.','Caption-40','2017-09-06 09:05:26','2017-09-06 09:05:26',NULL,NULL,NULL,NULL),(238,4,'Post-40','Carlton, come on. Just because the baby is cute doesn\'t mean you\'re not the father.','Caption-40','2017-09-06 09:05:26','2017-09-06 09:05:26',NULL,NULL,NULL,NULL),(239,5,'Post-40','Carlton, come on. Just because the baby is cute doesn\'t mean you\'re not the father.','Caption-40','2017-09-06 09:05:26','2017-09-06 09:05:26',NULL,NULL,NULL,NULL),(240,6,'Post-40','Carlton, come on. Just because the baby is cute doesn\'t mean you\'re not the father.','Caption-40','2017-09-06 09:05:26','2017-09-06 09:05:26',NULL,NULL,NULL,NULL),(241,1,'Post-41','Whoa, whoa, whoa, now, baby, I noticed you noticing me and I just want to put you on notice that I noticed you too.','Caption-41','2017-09-06 09:05:26','2017-09-06 09:05:26',NULL,NULL,NULL,NULL),(242,2,'Post-41','Whoa, whoa, whoa, now, baby, I noticed you noticing me and I just want to put you on notice that I noticed you too.','Caption-41','2017-09-06 09:05:26','2017-09-06 09:05:26',NULL,NULL,NULL,NULL),(243,3,'Post-41','Whoa, whoa, whoa, now, baby, I noticed you noticing me and I just want to put you on notice that I noticed you too.','Caption-41','2017-09-06 09:05:26','2017-09-06 09:05:26',NULL,NULL,NULL,NULL),(244,4,'Post-41','Whoa, whoa, whoa, now, baby, I noticed you noticing me and I just want to put you on notice that I noticed you too.','Caption-41','2017-09-06 09:05:27','2017-09-06 09:05:27',NULL,NULL,NULL,NULL),(245,5,'Post-41','Whoa, whoa, whoa, now, baby, I noticed you noticing me and I just want to put you on notice that I noticed you too.','Caption-41','2017-09-06 09:05:27','2017-09-06 09:05:27',NULL,NULL,NULL,NULL),(246,6,'Post-41','Whoa, whoa, whoa, now, baby, I noticed you noticing me and I just want to put you on notice that I noticed you too.','Caption-41','2017-09-06 09:05:27','2017-09-06 09:05:27',NULL,NULL,NULL,NULL),(247,1,'Post-42','Opera? I thought she said Oprah.','Caption-42','2017-09-06 09:05:27','2017-09-06 09:05:27',NULL,NULL,NULL,NULL),(248,2,'Post-42','Opera? I thought she said Oprah.','Caption-42','2017-09-06 09:05:27','2017-09-06 09:05:27',NULL,NULL,NULL,NULL),(249,3,'Post-42','Opera? I thought she said Oprah.','Caption-42','2017-09-06 09:05:27','2017-09-06 09:05:27',NULL,NULL,NULL,NULL),(250,4,'Post-42','Opera? I thought she said Oprah.','Caption-42','2017-09-06 09:05:27','2017-09-06 09:05:27',NULL,NULL,NULL,NULL),(251,5,'Post-42','Opera? I thought she said Oprah.','Caption-42','2017-09-06 09:05:27','2017-09-06 09:05:27',NULL,NULL,NULL,NULL),(252,6,'Post-42','Opera? I thought she said Oprah.','Caption-42','2017-09-06 09:05:27','2017-09-06 09:05:27',NULL,NULL,NULL,NULL),(253,1,'Post-43','Whoa, whoa, whoa, now, baby, I noticed you noticing me and I just want to put you on notice that I noticed you too.','Caption-43','2017-09-06 09:05:27','2017-09-06 09:05:27',NULL,NULL,NULL,NULL),(254,2,'Post-43','Whoa, whoa, whoa, now, baby, I noticed you noticing me and I just want to put you on notice that I noticed you too.','Caption-43','2017-09-06 09:05:27','2017-09-06 09:05:27',NULL,NULL,NULL,NULL),(255,3,'Post-43','Whoa, whoa, whoa, now, baby, I noticed you noticing me and I just want to put you on notice that I noticed you too.','Caption-43','2017-09-06 09:05:27','2017-09-06 09:05:27',NULL,NULL,NULL,NULL),(256,4,'Post-43','Whoa, whoa, whoa, now, baby, I noticed you noticing me and I just want to put you on notice that I noticed you too.','Caption-43','2017-09-06 09:05:27','2017-09-06 09:05:27',NULL,NULL,NULL,NULL),(257,5,'Post-43','Whoa, whoa, whoa, now, baby, I noticed you noticing me and I just want to put you on notice that I noticed you too.','Caption-43','2017-09-06 09:05:27','2017-09-06 09:05:27',NULL,NULL,NULL,NULL),(258,6,'Post-43','Whoa, whoa, whoa, now, baby, I noticed you noticing me and I just want to put you on notice that I noticed you too.','Caption-43','2017-09-06 09:05:27','2017-09-06 09:05:27',NULL,NULL,NULL,NULL),(259,1,'Post-44','Carlton, I think you\'ve been deprived of oxygen at birth.','Caption-44','2017-09-06 09:05:27','2017-09-06 09:05:27',NULL,NULL,NULL,NULL),(260,2,'Post-44','Carlton, I think you\'ve been deprived of oxygen at birth.','Caption-44','2017-09-06 09:05:27','2017-09-06 09:05:27',NULL,NULL,NULL,NULL),(261,3,'Post-44','Carlton, I think you\'ve been deprived of oxygen at birth.','Caption-44','2017-09-06 09:05:27','2017-09-06 09:05:27',NULL,NULL,NULL,NULL),(262,4,'Post-44','Carlton, I think you\'ve been deprived of oxygen at birth.','Caption-44','2017-09-06 09:05:27','2017-09-06 09:05:27',NULL,NULL,NULL,NULL),(263,5,'Post-44','Carlton, I think you\'ve been deprived of oxygen at birth.','Caption-44','2017-09-06 09:05:27','2017-09-06 09:05:27',NULL,NULL,NULL,NULL),(264,6,'Post-44','Carlton, I think you\'ve been deprived of oxygen at birth.','Caption-44','2017-09-06 09:05:27','2017-09-06 09:05:27',NULL,NULL,NULL,NULL),(265,1,'Post-45','Courage is being the way you are no matter what anybody says about you. Will teases me, but you don\'t see me goin\' \'Yo, yo, yo, homey, yo.\'','Caption-45','2017-09-06 09:05:27','2017-09-06 09:05:27',NULL,NULL,NULL,NULL),(266,2,'Post-45','Courage is being the way you are no matter what anybody says about you. Will teases me, but you don\'t see me goin\' \'Yo, yo, yo, homey, yo.\'','Caption-45','2017-09-06 09:05:27','2017-09-06 09:05:27',NULL,NULL,NULL,NULL),(267,3,'Post-45','Courage is being the way you are no matter what anybody says about you. Will teases me, but you don\'t see me goin\' \'Yo, yo, yo, homey, yo.\'','Caption-45','2017-09-06 09:05:28','2017-09-06 09:05:28',NULL,NULL,NULL,NULL),(268,4,'Post-45','Courage is being the way you are no matter what anybody says about you. Will teases me, but you don\'t see me goin\' \'Yo, yo, yo, homey, yo.\'','Caption-45','2017-09-06 09:05:28','2017-09-06 09:05:28',NULL,NULL,NULL,NULL),(269,5,'Post-45','Courage is being the way you are no matter what anybody says about you. Will teases me, but you don\'t see me goin\' \'Yo, yo, yo, homey, yo.\'','Caption-45','2017-09-06 09:05:28','2017-09-06 09:05:28',NULL,NULL,NULL,NULL),(270,6,'Post-45','Courage is being the way you are no matter what anybody says about you. Will teases me, but you don\'t see me goin\' \'Yo, yo, yo, homey, yo.\'','Caption-45','2017-09-06 09:05:28','2017-09-06 09:05:28',NULL,NULL,NULL,NULL),(271,1,'Post-46','Oh, don\'t worry, Carlton, we\'re all uncomfortable with your nudity.','Caption-46','2017-09-06 09:05:28','2017-09-06 09:05:28',NULL,NULL,NULL,NULL),(272,2,'Post-46','Oh, don\'t worry, Carlton, we\'re all uncomfortable with your nudity.','Caption-46','2017-09-06 09:05:28','2017-09-06 09:05:28',NULL,NULL,NULL,NULL),(273,3,'Post-46','Oh, don\'t worry, Carlton, we\'re all uncomfortable with your nudity.','Caption-46','2017-09-06 09:05:28','2017-09-06 09:05:28',NULL,NULL,NULL,NULL),(274,4,'Post-46','Oh, don\'t worry, Carlton, we\'re all uncomfortable with your nudity.','Caption-46','2017-09-06 09:05:28','2017-09-06 09:05:28',NULL,NULL,NULL,NULL),(275,5,'Post-46','Oh, don\'t worry, Carlton, we\'re all uncomfortable with your nudity.','Caption-46','2017-09-06 09:05:28','2017-09-06 09:05:28',NULL,NULL,NULL,NULL),(276,6,'Post-46','Oh, don\'t worry, Carlton, we\'re all uncomfortable with your nudity.','Caption-46','2017-09-06 09:05:28','2017-09-06 09:05:28',NULL,NULL,NULL,NULL),(277,1,'Post-47','There\'s a beautiful woman talking to me, but I don\'t expect you to understand that!','Caption-47','2017-09-06 09:05:28','2017-09-06 09:05:28',NULL,NULL,NULL,NULL),(278,2,'Post-47','There\'s a beautiful woman talking to me, but I don\'t expect you to understand that!','Caption-47','2017-09-06 09:05:28','2017-09-06 09:05:28',NULL,NULL,NULL,NULL),(279,3,'Post-47','There\'s a beautiful woman talking to me, but I don\'t expect you to understand that!','Caption-47','2017-09-06 09:05:28','2017-09-06 09:05:28',NULL,NULL,NULL,NULL),(280,4,'Post-47','There\'s a beautiful woman talking to me, but I don\'t expect you to understand that!','Caption-47','2017-09-06 09:05:28','2017-09-06 09:05:28',NULL,NULL,NULL,NULL),(281,5,'Post-47','There\'s a beautiful woman talking to me, but I don\'t expect you to understand that!','Caption-47','2017-09-06 09:05:28','2017-09-06 09:05:28',NULL,NULL,NULL,NULL),(282,6,'Post-47','There\'s a beautiful woman talking to me, but I don\'t expect you to understand that!','Caption-47','2017-09-06 09:05:28','2017-09-06 09:05:28',NULL,NULL,NULL,NULL),(283,1,'Post-48','Might I say you rate a perfect 10 on my niftiness meter?','Caption-48','2017-09-06 09:05:28','2017-09-06 09:05:28',NULL,NULL,NULL,NULL),(284,2,'Post-48','Might I say you rate a perfect 10 on my niftiness meter?','Caption-48','2017-09-06 09:05:28','2017-09-06 09:05:28',NULL,NULL,NULL,NULL),(285,3,'Post-48','Might I say you rate a perfect 10 on my niftiness meter?','Caption-48','2017-09-06 09:05:28','2017-09-06 09:05:28',NULL,NULL,NULL,NULL),(286,4,'Post-48','Might I say you rate a perfect 10 on my niftiness meter?','Caption-48','2017-09-06 09:05:28','2017-09-06 09:05:28',NULL,NULL,NULL,NULL),(287,5,'Post-48','Might I say you rate a perfect 10 on my niftiness meter?','Caption-48','2017-09-06 09:05:28','2017-09-06 09:05:28',NULL,NULL,NULL,NULL),(288,6,'Post-48','Might I say you rate a perfect 10 on my niftiness meter?','Caption-48','2017-09-06 09:05:28','2017-09-06 09:05:28',NULL,NULL,NULL,NULL),(289,1,'Post-49','Don\'t tell me, \'cause if I know I can\'t say that I don\'t know when you get busted and Uncle Phil starts rounding up the usual suspects. And I am the usual suspects.','Caption-49','2017-09-06 09:05:28','2017-09-06 09:05:28',NULL,NULL,NULL,NULL),(290,2,'Post-49','Don\'t tell me, \'cause if I know I can\'t say that I don\'t know when you get busted and Uncle Phil starts rounding up the usual suspects. And I am the usual suspects.','Caption-49','2017-09-06 09:05:28','2017-09-06 09:05:28',NULL,NULL,NULL,NULL),(291,3,'Post-49','Don\'t tell me, \'cause if I know I can\'t say that I don\'t know when you get busted and Uncle Phil starts rounding up the usual suspects. And I am the usual suspects.','Caption-49','2017-09-06 09:05:28','2017-09-06 09:05:28',NULL,NULL,NULL,NULL),(292,4,'Post-49','Don\'t tell me, \'cause if I know I can\'t say that I don\'t know when you get busted and Uncle Phil starts rounding up the usual suspects. And I am the usual suspects.','Caption-49','2017-09-06 09:05:29','2017-09-06 09:05:29',NULL,NULL,NULL,NULL),(293,5,'Post-49','Don\'t tell me, \'cause if I know I can\'t say that I don\'t know when you get busted and Uncle Phil starts rounding up the usual suspects. And I am the usual suspects.','Caption-49','2017-09-06 09:05:29','2017-09-06 09:05:29',NULL,NULL,NULL,NULL),(294,6,'Post-49','Don\'t tell me, \'cause if I know I can\'t say that I don\'t know when you get busted and Uncle Phil starts rounding up the usual suspects. And I am the usual suspects.','Caption-49','2017-09-06 09:05:29','2017-09-06 09:05:29',NULL,NULL,NULL,NULL),(295,1,'Post-50','I just want to let you know that I might let you consider being with me.','Caption-50','2017-09-06 09:05:29','2017-09-06 09:05:29',NULL,NULL,NULL,NULL),(296,2,'Post-50','I just want to let you know that I might let you consider being with me.','Caption-50','2017-09-06 09:05:29','2017-09-06 09:05:29',NULL,NULL,NULL,NULL),(297,3,'Post-50','I just want to let you know that I might let you consider being with me.','Caption-50','2017-09-06 09:05:29','2017-09-06 09:05:29',NULL,NULL,NULL,NULL),(298,4,'Post-50','I just want to let you know that I might let you consider being with me.','Caption-50','2017-09-06 09:05:29','2017-09-06 09:05:29',NULL,NULL,NULL,NULL),(299,5,'Post-50','I just want to let you know that I might let you consider being with me.','Caption-50','2017-09-06 09:05:29','2017-09-06 09:05:29',NULL,NULL,NULL,NULL),(300,6,'Post-50','I just want to let you know that I might let you consider being with me.','Caption-50','2017-09-06 09:05:29','2017-09-06 09:05:29',NULL,NULL,NULL,NULL);
/*!40000 ALTER TABLE `posts` ENABLE KEYS */;
UNLOCK TABLES;

--
-- Table structure for table `relationships`
--

DROP TABLE IF EXISTS `relationships`;
/*!40101 SET @saved_cs_client     = @@character_set_client */;
/*!40101 SET character_set_client = utf8 */;
CREATE TABLE `relationships` (
  `id` bigint(20) NOT NULL AUTO_INCREMENT,
  `follower_id` int(11) DEFAULT NULL,
  `followed_id` int(11) DEFAULT NULL,
  `created_at` datetime NOT NULL,
  `updated_at` datetime NOT NULL,
  PRIMARY KEY (`id`),
  UNIQUE KEY `index_relationships_on_follower_id_and_followed_id` (`follower_id`,`followed_id`),
  KEY `index_relationships_on_follower_id` (`follower_id`),
  KEY `index_relationships_on_followed_id` (`followed_id`)
) ENGINE=InnoDB AUTO_INCREMENT=88 DEFAULT CHARSET=utf8;
/*!40101 SET character_set_client = @saved_cs_client */;

--
-- Dumping data for table `relationships`
--

LOCK TABLES `relationships` WRITE;
/*!40000 ALTER TABLE `relationships` DISABLE KEYS */;
INSERT INTO `relationships` VALUES (1,1,3,'2017-09-06 09:05:29','2017-09-06 09:05:29'),(2,1,4,'2017-09-06 09:05:29','2017-09-06 09:05:29'),(3,1,5,'2017-09-06 09:05:29','2017-09-06 09:05:29'),(4,1,6,'2017-09-06 09:05:29','2017-09-06 09:05:29'),(5,1,7,'2017-09-06 09:05:29','2017-09-06 09:05:29'),(6,1,8,'2017-09-06 09:05:29','2017-09-06 09:05:29'),(7,1,9,'2017-09-06 09:05:29','2017-09-06 09:05:29'),(8,1,10,'2017-09-06 09:05:29','2017-09-06 09:05:29'),(9,1,11,'2017-09-06 09:05:29','2017-09-06 09:05:29'),(10,1,12,'2017-09-06 09:05:30','2017-09-06 09:05:30'),(11,1,13,'2017-09-06 09:05:30','2017-09-06 09:05:30'),(12,1,14,'2017-09-06 09:05:30','2017-09-06 09:05:30'),(13,1,15,'2017-09-06 09:05:30','2017-09-06 09:05:30'),(14,1,16,'2017-09-06 09:05:30','2017-09-06 09:05:30'),(15,1,17,'2017-09-06 09:05:30','2017-09-06 09:05:30'),(16,1,18,'2017-09-06 09:05:30','2017-09-06 09:05:30'),(17,1,19,'2017-09-06 09:05:30','2017-09-06 09:05:30'),(18,1,20,'2017-09-06 09:05:30','2017-09-06 09:05:30'),(19,1,21,'2017-09-06 09:05:30','2017-09-06 09:05:30'),(20,1,22,'2017-09-06 09:05:31','2017-09-06 09:05:31'),(21,1,23,'2017-09-06 09:05:31','2017-09-06 09:05:31'),(22,1,24,'2017-09-06 09:05:31','2017-09-06 09:05:31'),(23,1,25,'2017-09-06 09:05:31','2017-09-06 09:05:31'),(24,1,26,'2017-09-06 09:05:31','2017-09-06 09:05:31'),(25,1,27,'2017-09-06 09:05:31','2017-09-06 09:05:31'),(26,1,28,'2017-09-06 09:05:31','2017-09-06 09:05:31'),(27,1,29,'2017-09-06 09:05:31','2017-09-06 09:05:31'),(28,1,30,'2017-09-06 09:05:31','2017-09-06 09:05:31'),(29,1,31,'2017-09-06 09:05:34','2017-09-06 09:05:34'),(30,1,32,'2017-09-06 09:05:34','2017-09-06 09:05:34'),(31,1,33,'2017-09-06 09:05:34','2017-09-06 09:05:34'),(32,1,34,'2017-09-06 09:05:34','2017-09-06 09:05:34'),(33,1,35,'2017-09-06 09:05:34','2017-09-06 09:05:34'),(34,1,36,'2017-09-06 09:05:34','2017-09-06 09:05:34'),(35,1,37,'2017-09-06 09:05:34','2017-09-06 09:05:34'),(36,1,38,'2017-09-06 09:05:34','2017-09-06 09:05:34'),(37,1,39,'2017-09-06 09:05:34','2017-09-06 09:05:34'),(38,1,40,'2017-09-06 09:05:34','2017-09-06 09:05:34'),(39,1,41,'2017-09-06 09:05:34','2017-09-06 09:05:34'),(40,1,42,'2017-09-06 09:05:34','2017-09-06 09:05:34'),(41,1,43,'2017-09-06 09:05:34','2017-09-06 09:05:34'),(42,1,44,'2017-09-06 09:05:34','2017-09-06 09:05:34'),(43,1,45,'2017-09-06 09:05:34','2017-09-06 09:05:34'),(44,1,46,'2017-09-06 09:05:35','2017-09-06 09:05:35'),(45,1,47,'2017-09-06 09:05:35','2017-09-06 09:05:35'),(46,1,48,'2017-09-06 09:05:35','2017-09-06 09:05:35'),(47,1,49,'2017-09-06 09:05:35','2017-09-06 09:05:35'),(48,1,50,'2017-09-06 09:05:35','2017-09-06 09:05:35'),(49,4,1,'2017-09-06 09:05:35','2017-09-06 09:05:35'),(50,5,1,'2017-09-06 09:05:35','2017-09-06 09:05:35'),(51,6,1,'2017-09-06 09:05:35','2017-09-06 09:05:35'),(52,7,1,'2017-09-06 09:05:35','2017-09-06 09:05:35'),(53,8,1,'2017-09-06 09:05:35','2017-09-06 09:05:35'),(54,9,1,'2017-09-06 09:05:35','2017-09-06 09:05:35'),(55,10,1,'2017-09-06 09:05:35','2017-09-06 09:05:35'),(56,11,1,'2017-09-06 09:05:35','2017-09-06 09:05:35'),(57,12,1,'2017-09-06 09:05:35','2017-09-06 09:05:35'),(58,13,1,'2017-09-06 09:05:35','2017-09-06 09:05:35'),(59,14,1,'2017-09-06 09:05:35','2017-09-06 09:05:35'),(60,15,1,'2017-09-06 09:05:35','2017-09-06 09:05:35'),(61,16,1,'2017-09-06 09:05:35','2017-09-06 09:05:35'),(62,17,1,'2017-09-06 09:05:35','2017-09-06 09:05:35'),(63,18,1,'2017-09-06 09:05:35','2017-09-06 09:05:35'),(64,19,1,'2017-09-06 09:05:35','2017-09-06 09:05:35'),(65,20,1,'2017-09-06 09:05:36','2017-09-06 09:05:36'),(66,21,1,'2017-09-06 09:05:36','2017-09-06 09:05:36'),(67,22,1,'2017-09-06 09:05:36','2017-09-06 09:05:36'),(68,23,1,'2017-09-06 09:05:36','2017-09-06 09:05:36'),(69,24,1,'2017-09-06 09:05:36','2017-09-06 09:05:36'),(70,25,1,'2017-09-06 09:05:36','2017-09-06 09:05:36'),(71,26,1,'2017-09-06 09:05:36','2017-09-06 09:05:36'),(72,27,1,'2017-09-06 09:05:36','2017-09-06 09:05:36'),(73,28,1,'2017-09-06 09:05:36','2017-09-06 09:05:36'),(74,29,1,'2017-09-06 09:05:36','2017-09-06 09:05:36'),(75,30,1,'2017-09-06 09:05:36','2017-09-06 09:05:36'),(76,31,1,'2017-09-06 09:05:36','2017-09-06 09:05:36'),(77,32,1,'2017-09-06 09:05:36','2017-09-06 09:05:36'),(78,33,1,'2017-09-06 09:05:36','2017-09-06 09:05:36'),(79,34,1,'2017-09-06 09:05:36','2017-09-06 09:05:36'),(80,35,1,'2017-09-06 09:05:36','2017-09-06 09:05:36'),(81,36,1,'2017-09-06 09:05:36','2017-09-06 09:05:36'),(82,37,1,'2017-09-06 09:05:36','2017-09-06 09:05:36'),(83,38,1,'2017-09-06 09:05:36','2017-09-06 09:05:36'),(84,39,1,'2017-09-06 09:05:36','2017-09-06 09:05:36'),(85,40,1,'2017-09-06 09:05:36','2017-09-06 09:05:36'),(86,41,1,'2017-09-06 09:05:37','2017-09-06 09:05:37'),(87,1,1,'2017-09-06 11:20:25','2017-09-06 11:20:25');
/*!40000 ALTER TABLE `relationships` ENABLE KEYS */;
UNLOCK TABLES;

--
-- Table structure for table `schema_migrations`
--

DROP TABLE IF EXISTS `schema_migrations`;
/*!40101 SET @saved_cs_client     = @@character_set_client */;
/*!40101 SET character_set_client = utf8 */;
CREATE TABLE `schema_migrations` (
  `version` varchar(255) NOT NULL,
  PRIMARY KEY (`version`)
) ENGINE=InnoDB DEFAULT CHARSET=utf8;
/*!40101 SET character_set_client = @saved_cs_client */;

--
-- Dumping data for table `schema_migrations`
--

LOCK TABLES `schema_migrations` WRITE;
/*!40000 ALTER TABLE `schema_migrations` DISABLE KEYS */;
INSERT INTO `schema_migrations` VALUES ('20170905074740'),('20170905074746'),('20170905083803'),('20170905085024'),('20170905092431'),('20170905130609'),('20170906090340'),('20170906090348'),('20170906090355'),('20170906113729');
/*!40000 ALTER TABLE `schema_migrations` ENABLE KEYS */;
UNLOCK TABLES;

--
-- Table structure for table `users`
--

DROP TABLE IF EXISTS `users`;
/*!40101 SET @saved_cs_client     = @@character_set_client */;
/*!40101 SET character_set_client = utf8 */;
CREATE TABLE `users` (
  `id` bigint(20) NOT NULL AUTO_INCREMENT,
  `email` varchar(255) NOT NULL DEFAULT '',
  `encrypted_password` varchar(255) NOT NULL DEFAULT '',
  `reset_password_token` varchar(255) DEFAULT NULL,
  `reset_password_sent_at` datetime DEFAULT NULL,
  `remember_created_at` datetime DEFAULT NULL,
  `sign_in_count` int(11) NOT NULL DEFAULT '0',
  `current_sign_in_at` datetime DEFAULT NULL,
  `last_sign_in_at` datetime DEFAULT NULL,
  `current_sign_in_ip` varchar(255) DEFAULT NULL,
  `last_sign_in_ip` varchar(255) DEFAULT NULL,
  `created_at` datetime NOT NULL,
  `updated_at` datetime NOT NULL,
  `name` varchar(255) DEFAULT NULL,
  `surname` varchar(255) DEFAULT NULL,
  `admin` tinyint(1) DEFAULT NULL,
  `avatar_file_name` varchar(255) DEFAULT NULL,
  `avatar_content_type` varchar(255) DEFAULT NULL,
  `avatar_file_size` int(11) DEFAULT NULL,
  `avatar_updated_at` datetime DEFAULT NULL,
  `cover_file_name` varchar(255) DEFAULT NULL,
  `cover_content_type` varchar(255) DEFAULT NULL,
  `cover_file_size` int(11) DEFAULT NULL,
  `cover_updated_at` datetime DEFAULT NULL,
  PRIMARY KEY (`id`),
  UNIQUE KEY `index_users_on_email` (`email`),
  UNIQUE KEY `index_users_on_reset_password_token` (`reset_password_token`)
) ENGINE=InnoDB AUTO_INCREMENT=51 DEFAULT CHARSET=utf8;
/*!40101 SET character_set_client = @saved_cs_client */;

--
-- Dumping data for table `users`
--

LOCK TABLES `users` WRITE;
/*!40000 ALTER TABLE `users` DISABLE KEYS */;
INSERT INTO `users` VALUES (1,'calvin@littlepig.cc','$2a$11$cB3jPK.CE1yA1cQylH0Hlu0ae192EgA3H4I3syRyN3HBYHw2/WSoK',NULL,NULL,NULL,2,'2017-09-06 10:23:19','2017-09-06 09:21:41','127.0.0.1','127.0.0.1','2017-09-06 09:05:02','2017-09-06 10:24:50','Calvin','Seidle',1,'img.jpeg','image/jpeg',101259,'2017-09-06 10:24:46','5071183-hd-desktop-backgrounds.jpg','image/jpeg',842437,'2017-09-06 10:24:47'),(2,'example-1@littlepig.cc','$2a$11$L9r5SCH/GHMHm.Rp3LBIguPoso2mSQfskBlbrG2Pr1RBTIRgAnnPK',NULL,NULL,NULL,0,NULL,NULL,NULL,NULL,'2017-09-06 09:05:04','2017-09-06 09:05:04','Hazel','Maggio',0,NULL,NULL,NULL,NULL,NULL,NULL,NULL,NULL),(3,'example-2@littlepig.cc','$2a$11$r98D6ayoa1ymJD2RvBiEs.nDaSCSvpjYcsITo2SFh9TiYUAjw/ncy',NULL,NULL,NULL,0,NULL,NULL,NULL,NULL,'2017-09-06 09:05:04','2017-09-06 09:05:04','Bella','Witting',0,NULL,NULL,NULL,NULL,NULL,NULL,NULL,NULL),(4,'example-3@littlepig.cc','$2a$11$rIJe5OeUzhXmu5QEWXGoMuMIL.t5A4BcugE6156uwHwkmvnb4KV22',NULL,NULL,NULL,0,NULL,NULL,NULL,NULL,'2017-09-06 09:05:04','2017-09-06 09:05:04','Ryder','Abshire',0,NULL,NULL,NULL,NULL,NULL,NULL,NULL,NULL),(5,'example-4@littlepig.cc','$2a$11$K0sLOD.QzjR6VaqONjiT9eaAKqwUVyo./m1Y3Nk4ZUZcTQNqHOsw.',NULL,NULL,NULL,0,NULL,NULL,NULL,NULL,'2017-09-06 09:05:04','2017-09-06 09:05:05','Calista','Pfeffer',0,NULL,NULL,NULL,NULL,NULL,NULL,NULL,NULL),(6,'example-5@littlepig.cc','$2a$11$RiBtZPvmzMAw1L2ATBxWtOfw/9VI4HxRt6SuM6FTwp7fOiLo1nHyG',NULL,NULL,NULL,0,NULL,NULL,NULL,NULL,'2017-09-06 09:05:05','2017-09-06 09:05:05','Charlotte','Kuvalis',0,NULL,NULL,NULL,NULL,NULL,NULL,NULL,NULL),(7,'example-6@littlepig.cc','$2a$11$CMoqJDAnw7pwwIibhpm15.JrMZ9Xfr9lgMWFH.U4txV/JcAyk5yXi',NULL,NULL,NULL,0,NULL,NULL,NULL,NULL,'2017-09-06 09:05:05','2017-09-06 09:05:05','Napoleon','Pagac',0,NULL,NULL,NULL,NULL,NULL,NULL,NULL,NULL),(8,'example-7@littlepig.cc','$2a$11$mcWoePlYRbmqDMYpdruf/OfBLnZMVPq8kTwSdvpeLsyz0jOlPdEli',NULL,NULL,NULL,0,NULL,NULL,NULL,NULL,'2017-09-06 09:05:05','2017-09-06 09:05:05','Cierra','Luettgen',0,NULL,NULL,NULL,NULL,NULL,NULL,NULL,NULL),(9,'example-8@littlepig.cc','$2a$11$xfETmmQxqU.RGuy46frwb.Ft03OnDaDYtyN1GWqwl..tkA3nCSg1C',NULL,NULL,NULL,0,NULL,NULL,NULL,NULL,'2017-09-06 09:05:05','2017-09-06 09:05:06','Jerrell','Dietrich',0,NULL,NULL,NULL,NULL,NULL,NULL,NULL,NULL),(10,'example-9@littlepig.cc','$2a$11$UzoCempfmoirBMfFTtzyn.Cagq6LAxEP4lNkFnmkUtNclPQGqTs9i',NULL,NULL,NULL,0,NULL,NULL,NULL,NULL,'2017-09-06 09:05:06','2017-09-06 09:05:06','Pat','Beier',0,NULL,NULL,NULL,NULL,NULL,NULL,NULL,NULL),(11,'example-10@littlepig.cc','$2a$11$xK5ZXH7R/G0KeEJJEkldsupnGKSASpbf9jecmzL4imh1js3TK09Nm',NULL,NULL,NULL,0,NULL,NULL,NULL,NULL,'2017-09-06 09:05:06','2017-09-06 09:05:06','Filomena','Gutmann',0,NULL,NULL,NULL,NULL,NULL,NULL,NULL,NULL),(12,'example-11@littlepig.cc','$2a$11$7RnYR/J8Tj0CRlgiIeBwI.KUtv7zYLVsI0FeIA1AcxBdQ.9vA9jr2',NULL,NULL,NULL,0,NULL,NULL,NULL,NULL,'2017-09-06 09:05:06','2017-09-06 09:05:06','Raphael','Christiansen',0,NULL,NULL,NULL,NULL,NULL,NULL,NULL,NULL),(13,'example-12@littlepig.cc','$2a$11$NHamX0ZSMK7UbP.iYOKbku9Ed0MRZSSif.C1A1r5SUVObezPJUfHm',NULL,NULL,NULL,0,NULL,NULL,NULL,NULL,'2017-09-06 09:05:06','2017-09-06 09:05:07','Dan','Lowe',0,NULL,NULL,NULL,NULL,NULL,NULL,NULL,NULL),(14,'example-13@littlepig.cc','$2a$11$KW7DUeXTn0u8PV1RlU2QDuDsbipt02C/nkmQ8fmhS0DagIvCMtqbK',NULL,NULL,NULL,0,NULL,NULL,NULL,NULL,'2017-09-06 09:05:07','2017-09-06 09:05:07','Ewell','Huel',0,NULL,NULL,NULL,NULL,NULL,NULL,NULL,NULL),(15,'example-14@littlepig.cc','$2a$11$tRMGemTLjN7cecghh3YqEeQn5H.52x7Kf1QBKTZKY8ori/4tGj/EC',NULL,NULL,NULL,0,NULL,NULL,NULL,NULL,'2017-09-06 09:05:07','2017-09-06 09:05:07','Haley','Hirthe',0,NULL,NULL,NULL,NULL,NULL,NULL,NULL,NULL),(16,'example-15@littlepig.cc','$2a$11$V2W29XuYHZ/rc6BPlTIqDe3AP4RYPyZ.2XtVYT9i2LsLXwA1HmRZW',NULL,NULL,NULL,0,NULL,NULL,NULL,NULL,'2017-09-06 09:05:07','2017-09-06 09:05:07','Kristoffer','Smitham',0,NULL,NULL,NULL,NULL,NULL,NULL,NULL,NULL),(17,'example-16@littlepig.cc','$2a$11$I047IZHIDSDRFUewUYd38.5dueabnJeW.QjA1tip6jQQp/3geHoe6',NULL,NULL,NULL,0,NULL,NULL,NULL,NULL,'2017-09-06 09:05:07','2017-09-06 09:05:08','Ila','Koss',0,NULL,NULL,NULL,NULL,NULL,NULL,NULL,NULL),(18,'example-17@littlepig.cc','$2a$11$4H./7VTX4NyTTQWivhJ7xe7.aWmSJGo6gb8Cs1hlyBIXWlVmAnDXW',NULL,NULL,NULL,0,NULL,NULL,NULL,NULL,'2017-09-06 09:05:08','2017-09-06 09:05:08','Twila','Jast',0,NULL,NULL,NULL,NULL,NULL,NULL,NULL,NULL),(19,'example-18@littlepig.cc','$2a$11$eFvYqwaP1GAQ79Vm4Uw3TeMHrgn9CDGs7tL7zwat97ntNulqSaqzC',NULL,NULL,NULL,0,NULL,NULL,NULL,NULL,'2017-09-06 09:05:08','2017-09-06 09:05:08','Joshua','Stamm',0,NULL,NULL,NULL,NULL,NULL,NULL,NULL,NULL),(20,'example-19@littlepig.cc','$2a$11$CCxwFgpF0UZ.sbh4FG512.v1f.caLpSEvczzzj8DOOJoG9M5DtpqW',NULL,NULL,NULL,0,NULL,NULL,NULL,NULL,'2017-09-06 09:05:08','2017-09-06 09:05:08','Cynthia','Rodriguez',0,NULL,NULL,NULL,NULL,NULL,NULL,NULL,NULL),(21,'example-20@littlepig.cc','$2a$11$SgDlW.ABp9lqHGNne/fT0eFX5yiwSN5EV9ghfmFB5f6rX7GZsIpe.',NULL,NULL,NULL,0,NULL,NULL,NULL,NULL,'2017-09-06 09:05:08','2017-09-06 09:05:09','Reese','Beier',0,NULL,NULL,NULL,NULL,NULL,NULL,NULL,NULL),(22,'example-21@littlepig.cc','$2a$11$b9svKTSUWuXdwqc/CRBsN.ix3eKUeoeGrhtYqY/61GjHyRFGx9DE6',NULL,NULL,NULL,0,NULL,NULL,NULL,NULL,'2017-09-06 09:05:09','2017-09-06 09:05:09','Terence','Windler',0,NULL,NULL,NULL,NULL,NULL,NULL,NULL,NULL),(23,'example-22@littlepig.cc','$2a$11$1OwbzzLiNgrMGfonBk.HkeVA2LAuXixl.t94F3X/uRDzzJ97vGyJa',NULL,NULL,NULL,0,NULL,NULL,NULL,NULL,'2017-09-06 09:05:09','2017-09-06 09:05:09','Rodolfo','Kunde',0,NULL,NULL,NULL,NULL,NULL,NULL,NULL,NULL),(24,'example-23@littlepig.cc','$2a$11$RkI4qb.XhJBKc7a/luqVqe.cvikUZHKDdORfjvAhINH4VMD4FXsQy',NULL,NULL,NULL,0,NULL,NULL,NULL,NULL,'2017-09-06 09:05:09','2017-09-06 09:05:09','Natasha','Ullrich',0,NULL,NULL,NULL,NULL,NULL,NULL,NULL,NULL),(25,'example-24@littlepig.cc','$2a$11$qd1Vp4kxPKcHLaFyNqZwcuwFqCCL3F880HVnAzhLVx8UDTOXomzPy',NULL,NULL,NULL,0,NULL,NULL,NULL,NULL,'2017-09-06 09:05:09','2017-09-06 09:05:10','Moriah','Sawayn',0,NULL,NULL,NULL,NULL,NULL,NULL,NULL,NULL),(26,'example-25@littlepig.cc','$2a$11$Zea8x0x4at90gWpCpqT/6eS13lYdaSW51OGTT.Al6UI3Mghbig1nO',NULL,NULL,NULL,0,NULL,NULL,NULL,NULL,'2017-09-06 09:05:10','2017-09-06 09:05:10','Julia','Dicki',0,NULL,NULL,NULL,NULL,NULL,NULL,NULL,NULL),(27,'example-26@littlepig.cc','$2a$11$BmVGXmIBXMc7z1/ahSpnJuMkJNW0uDMw5n3BnlrjgZL3NzbLb.77O',NULL,NULL,NULL,0,NULL,NULL,NULL,NULL,'2017-09-06 09:05:10','2017-09-06 09:05:10','Retta','Hackett',0,NULL,NULL,NULL,NULL,NULL,NULL,NULL,NULL),(28,'example-27@littlepig.cc','$2a$11$OA191KZIP5mfCiho5o2IR.gPgX8pzv5PbRnvRh7Lm01lrgqXVkMVu',NULL,NULL,NULL,0,NULL,NULL,NULL,NULL,'2017-09-06 09:05:10','2017-09-06 09:05:10','Omer','Johnson',0,NULL,NULL,NULL,NULL,NULL,NULL,NULL,NULL),(29,'example-28@littlepig.cc','$2a$11$Yz/eHu2g8FrpL0oTHWhAKugzeJ707SPs9b/E2olD3HvgCesbOxMoW',NULL,NULL,NULL,0,NULL,NULL,NULL,NULL,'2017-09-06 09:05:10','2017-09-06 09:05:10','Magali','Brown',0,NULL,NULL,NULL,NULL,NULL,NULL,NULL,NULL),(30,'example-29@littlepig.cc','$2a$11$AVnNg4wenEPa65hsbOEy9OBh2UmQiHBh2GXy2qw.duD30/Q.Z6tue',NULL,NULL,NULL,0,NULL,NULL,NULL,NULL,'2017-09-06 09:05:11','2017-09-06 09:05:11','Bryon','Friesen',0,NULL,NULL,NULL,NULL,NULL,NULL,NULL,NULL),(31,'example-30@littlepig.cc','$2a$11$666vy7z3zfYNmjkunmxnfePDq/P3ino0oQt2mUTRmo3IX5Dkrl77u',NULL,NULL,NULL,0,NULL,NULL,NULL,NULL,'2017-09-06 09:05:11','2017-09-06 09:05:11','Israel','Keeling',0,NULL,NULL,NULL,NULL,NULL,NULL,NULL,NULL),(32,'example-31@littlepig.cc','$2a$11$0unaEddP1dDfsk0rUeyKpuvsr14mEBlhPCbDJwFPeGQdOzT8sJ6Xa',NULL,NULL,NULL,0,NULL,NULL,NULL,NULL,'2017-09-06 09:05:11','2017-09-06 09:05:11','Justus','Hyatt',0,NULL,NULL,NULL,NULL,NULL,NULL,NULL,NULL),(33,'example-32@littlepig.cc','$2a$11$hb8BLWb021XhVMZ3D5X4oOvJaXW77bQai7oF3ALCguJtBE.UzjCE2',NULL,NULL,NULL,0,NULL,NULL,NULL,NULL,'2017-09-06 09:05:11','2017-09-06 09:05:11','Leonardo','Carter',0,NULL,NULL,NULL,NULL,NULL,NULL,NULL,NULL),(34,'example-33@littlepig.cc','$2a$11$l8ggzC5C7aU870kyh8IFuu39zoGDjG0yZ/l.N8oPyDe1jCL/2luzi',NULL,NULL,NULL,0,NULL,NULL,NULL,NULL,'2017-09-06 09:05:11','2017-09-06 09:05:12','Modesto','Swaniawski',0,NULL,NULL,NULL,NULL,NULL,NULL,NULL,NULL),(35,'example-34@littlepig.cc','$2a$11$E1VyEgqfFyTU6.F/ef/dlOZaT924QLdoS5kDIg4w/ys0uTApZWeFe',NULL,NULL,NULL,0,NULL,NULL,NULL,NULL,'2017-09-06 09:05:12','2017-09-06 09:05:12','Linwood','Gutkowski',0,NULL,NULL,NULL,NULL,NULL,NULL,NULL,NULL),(36,'example-35@littlepig.cc','$2a$11$k74YkhDkwBbUL6kTKDtXAOwR6YrnOYlfryEeHwoRXyqEReAcN2BvS',NULL,NULL,NULL,0,NULL,NULL,NULL,NULL,'2017-09-06 09:05:12','2017-09-06 09:05:12','Ed','Kozey',0,NULL,NULL,NULL,NULL,NULL,NULL,NULL,NULL),(37,'example-36@littlepig.cc','$2a$11$5iePcDrHJw4ZDsbzzor1le1VcEy9TMu7GWi0FCNY8lB.YkFYc9Ezy',NULL,NULL,NULL,0,NULL,NULL,NULL,NULL,'2017-09-06 09:05:12','2017-09-06 09:05:12','Miracle','Romaguera',0,NULL,NULL,NULL,NULL,NULL,NULL,NULL,NULL),(38,'example-37@littlepig.cc','$2a$11$wqIVHc.JzOiShZqpbb9ur.f9aqtWTmnVfOUCW5s.YWVxSAZn.ocI.',NULL,NULL,NULL,0,NULL,NULL,NULL,NULL,'2017-09-06 09:05:12','2017-09-06 09:05:13','Fidel','Hoeger',0,NULL,NULL,NULL,NULL,NULL,NULL,NULL,NULL),(39,'example-38@littlepig.cc','$2a$11$0LTYIyBm.P1wqZWNSK5V0ebsjPe1QS.Xn5TO4qLHmvu4isEAzavgu',NULL,NULL,NULL,0,NULL,NULL,NULL,NULL,'2017-09-06 09:05:13','2017-09-06 09:05:13','Elmore','Langworth',0,NULL,NULL,NULL,NULL,NULL,NULL,NULL,NULL),(40,'example-39@littlepig.cc','$2a$11$srlcZaQfeBrYVhlmLzotge9.NlmxbLdmyUvJF8z6NEhvgij.Gwa1y',NULL,NULL,NULL,0,NULL,NULL,NULL,NULL,'2017-09-06 09:05:13','2017-09-06 09:05:13','Evert','Grady',0,NULL,NULL,NULL,NULL,NULL,NULL,NULL,NULL),(41,'example-40@littlepig.cc','$2a$11$W.APxpTKdgGb1euM9cdVzOZJLL/ze11RZWVI4gwpPEhA5a603m85O',NULL,NULL,NULL,0,NULL,NULL,NULL,NULL,'2017-09-06 09:05:13','2017-09-06 09:05:13','Ceasar','DuBuque',0,NULL,NULL,NULL,NULL,NULL,NULL,NULL,NULL),(42,'example-41@littlepig.cc','$2a$11$xWhIUl8GyXXx1DYXUJq7GuizGr9E5UqYrmYKjZqw0LKRVl1t9ckfu',NULL,NULL,NULL,0,NULL,NULL,NULL,NULL,'2017-09-06 09:05:13','2017-09-06 09:05:14','Karina','Bergstrom',0,NULL,NULL,NULL,NULL,NULL,NULL,NULL,NULL),(43,'example-42@littlepig.cc','$2a$11$h.RiaNKRiKmTmfxSXgbHKuLpT8Jb1iAE9qx4V20FoWPmrMLCA/tsG',NULL,NULL,NULL,0,NULL,NULL,NULL,NULL,'2017-09-06 09:05:14','2017-09-06 09:05:14','Virgil','Jenkins',0,NULL,NULL,NULL,NULL,NULL,NULL,NULL,NULL),(44,'example-43@littlepig.cc','$2a$11$5U77wBFakqznpjQut64T6u/3.Xw4saD3HYpTdVB1PyLlPTxptScKi',NULL,NULL,NULL,0,NULL,NULL,NULL,NULL,'2017-09-06 09:05:14','2017-09-06 09:05:14','Blanca','White',0,NULL,NULL,NULL,NULL,NULL,NULL,NULL,NULL),(45,'example-44@littlepig.cc','$2a$11$t6flL.xWk6qrHPZP1ixD5uNCqDQ3/pTybfcZoTdG7/3xyeuszIisy',NULL,NULL,NULL,0,NULL,NULL,NULL,NULL,'2017-09-06 09:05:14','2017-09-06 09:05:14','Romaine','Daugherty',0,NULL,NULL,NULL,NULL,NULL,NULL,NULL,NULL),(46,'example-45@littlepig.cc','$2a$11$eLaPVTchh8oclGZBqM.4wuVip2DSR.LcRsnsV46qAJ7rJRwRv/a4W',NULL,NULL,NULL,0,NULL,NULL,NULL,NULL,'2017-09-06 09:05:14','2017-09-06 09:05:15','Cullen','Jacobson',0,NULL,NULL,NULL,NULL,NULL,NULL,NULL,NULL),(47,'example-46@littlepig.cc','$2a$11$FRYifA9L7gRPoV/IvsZCle5qV.ldGNfznBbiyjSEBAtWqh8Bp86nO',NULL,NULL,NULL,0,NULL,NULL,NULL,NULL,'2017-09-06 09:05:15','2017-09-06 09:05:15','Jayda','Hirthe',0,NULL,NULL,NULL,NULL,NULL,NULL,NULL,NULL),(48,'example-47@littlepig.cc','$2a$11$g/WW.HuL2pdxTUtt1F3lTuBTUDxgueld4RSn8CmBDvL3Z5idZkwxq',NULL,NULL,NULL,0,NULL,NULL,NULL,NULL,'2017-09-06 09:05:15','2017-09-06 09:05:15','Marlon','Wilkinson',0,NULL,NULL,NULL,NULL,NULL,NULL,NULL,NULL),(49,'example-48@littlepig.cc','$2a$11$ojHwPcKZMaETCEzUaI3v7u9qnll0ROpU6SERayxAo0whMTmIYJTP2',NULL,NULL,NULL,0,NULL,NULL,NULL,NULL,'2017-09-06 09:05:15','2017-09-06 09:05:15','Keaton','Keebler',0,NULL,NULL,NULL,NULL,NULL,NULL,NULL,NULL),(50,'example-49@littlepig.cc','$2a$11$0.SHX83zLLT8CJqL359TjeZ2/vEMldvNkaq1q/KvBSG3rThjjpuKa',NULL,NULL,NULL,0,NULL,NULL,NULL,NULL,'2017-09-06 09:05:15','2017-09-06 09:05:16','Alyson','Nicolas',0,NULL,NULL,NULL,NULL,NULL,NULL,NULL,NULL);
/*!40000 ALTER TABLE `users` ENABLE KEYS */;
UNLOCK TABLES;
/*!40103 SET TIME_ZONE=@OLD_TIME_ZONE */;

/*!40101 SET SQL_MODE=@OLD_SQL_MODE */;
/*!40014 SET FOREIGN_KEY_CHECKS=@OLD_FOREIGN_KEY_CHECKS */;
/*!40014 SET UNIQUE_CHECKS=@OLD_UNIQUE_CHECKS */;
/*!40101 SET CHARACTER_SET_CLIENT=@OLD_CHARACTER_SET_CLIENT */;
/*!40101 SET CHARACTER_SET_RESULTS=@OLD_CHARACTER_SET_RESULTS */;
/*!40101 SET COLLATION_CONNECTION=@OLD_COLLATION_CONNECTION */;
/*!40111 SET SQL_NOTES=@OLD_SQL_NOTES */;

-- Dump completed on 2017-09-06 16:06:00
